font	size	scale	line_height	cell	symbol	row	column	columns	class	ink	lost_clip	lost_edge	out_top	out_bottom	out_left	out_right	shift_x	ink_left	ink_top	ink_right	ink_bottom
iosevka-fixed	24	2	1	24x61	"Ẫ"	0	2	1	text	526	0	102	10	0	0	0	0	2	-10	22	47
iosevka-fixed	24	2	1	24x61	"Ǻ"	0	4	1	text	462	0	44	10	0	0	0	0	2	-10	22	47
iosevka-fixed	24	2	1	24x61	"Z\u{302}\u{303}\u{304}"	0	7	1	text	559	0	166	17	0	0	0	0	3	-17	21	47
iosevka-fixed	24	2	1	24x61	"f"	6	0	1	text	349	0	0	0	0	0	4	3	0	11	28	58
iosevka-fixed	24	2	1	24x61	"f"	7	0	1	text	448	0	0	0	0	0	5	3	0	11	29	58
iosevka-fixed	24	2	1	24x61	"j"	14	0	1	text	298	0	0	0	0	0	0	3	0	11	24	58
iosevka-fixed	24	2	1	24x61	"W"	14	71	1	text	439	0	0	0	0	0	0	-2	1	11	24	47
iosevka-fixed	24	2	1	24x61	"q\u{307}\u{328}"	15	9	1	text	455	0	42	0	7	0	0	0	2	11	21	68
iosevka-fixed	24	2	1	24x61	"ع"	15	11	1	text	442	0	16	0	1	0	3	0	1	24	27	62
iosevka-fixed	24	2	1	24x61	"ح"	15	13	1	text	447	0	17	0	1	0	3	0	0	26	27	62
iosevka-fixed	24	2	0.85	24x51	"Å"	0	0	1	text	418	0	40	5	0	0	0	0	2	-5	22	42
iosevka-fixed	24	2	0.85	24x51	"É"	0	1	1	text	395	0	25	5	0	0	0	0	3	-5	21	42
iosevka-fixed	24	2	0.85	24x51	"Ẫ"	0	2	1	text	526	0	148	15	0	0	0	0	2	-15	22	42
iosevka-fixed	24	2	0.85	24x51	"Ǻ"	0	4	1	text	462	0	84	15	0	0	0	0	2	-15	22	42
iosevka-fixed	24	2	0.85	24x51	"ǻ"	0	5	1	text	440	0	24	5	0	0	0	0	2	-5	21	43
iosevka-fixed	24	2	0.85	24x51	"Z\u{302}\u{303}\u{304}"	0	7	1	text	559	0	212	22	0	0	0	0	3	-22	21	42
iosevka-fixed	24	2	0.85	24x51	"Ệ"	0	13	1	text	468	0	46	5	2	0	0	0	3	-5	21	53
iosevka-fixed	24	2	0.85	24x51	"f"	6	0	1	text	349	0	0	0	2	0	4	3	0	6	28	53
iosevka-fixed	24	2	0.85	24x51	"f"	7	0	1	text	448	0	0	0	2	0	5	3	0	6	29	53
iosevka-fixed	24	2	0.85	24x51	"j"	14	0	1	text	298	0	0	0	2	0	0	3	0	6	24	53
iosevka-fixed	24	2	0.85	24x51	"W"	14	71	1	text	439	0	0	0	0	0	0	-2	1	6	24	42
iosevka-fixed	24	2	0.85	24x51	"g"	15	0	1	text	415	0	22	0	2	0	0	0	2	16	21	53
iosevka-fixed	24	2	0.85	24x51	"j"	15	1	1	text	271	0	19	0	2	0	0	0	0	6	18	53
iosevka-fixed	24	2	0.85	24x51	"p"	15	2	1	text	349	0	8	0	2	0	0	0	3	16	22	53
iosevka-fixed	24	2	0.85	24x51	"q"	15	3	1	text	349	0	8	0	2	0	0	0	2	16	21	53
iosevka-fixed	24	2	0.85	24x51	"y"	15	4	1	text	286	0	10	0	2	0	0	0	2	17	22	53
iosevka-fixed	24	2	0.85	24x51	"q\u{307}\u{328}"	15	9	1	text	455	0	73	0	12	0	0	0	2	6	21	63
iosevka-fixed	24	2	0.85	24x51	"ع"	15	11	1	text	442	0	129	0	6	0	3	0	1	19	27	57
iosevka-fixed	24	2	0.85	24x51	"ح"	15	13	1	text	447	0	131	0	6	0	3	0	0	21	27	57
jetbrains-mono	24	2	1	29x65	"Ǻ"	0	4	1	text	561	0	44	9	0	0	0	0	2	-9	27	50
jetbrains-mono	24	2	1	29x65	"ǻ"	0	5	1	text	549	0	13	2	0	0	0	0	3	-2	25	51
jetbrains-mono	24	2	1	29x65	"Z\u{302}\u{303}\u{304}"	0	7	1	text	591	0	85	9	0	0	0	0	4	-9	25	50
jetbrains-mono	24	2	1	29x65	"W"	14	71	1	text	607	0	0	0	0	0	0	-3	0	14	29	50
jetbrains-mono	24	2	1	29x65	"ع"	15	11	1	text	450	0	4	0	1	0	0	0	1	27	27	66
jetbrains-mono	24	2	1	29x65	"ح"	15	13	1	text	461	0	5	0	1	0	0	0	0	29	28	66
jetbrains-mono	24	2	0.85	29x55	"Å"	0	0	1	text	517	0	30	4	0	0	0	0	2	-4	27	45
jetbrains-mono	24	2	0.85	29x55	"É"	0	1	1	text	474	0	6	1	0	0	0	0	4	-1	26	45
jetbrains-mono	24	2	0.85	29x55	"Ẫ"	0	2	1	text	568	0	65	5	0	0	0	0	2	-5	27	45
jetbrains-mono	24	2	0.85	29x55	"Ǻ"	0	4	1	text	561	0	74	14	0	0	0	0	2	-14	27	45
jetbrains-mono	24	2	0.85	29x55	"ǻ"	0	5	1	text	549	0	44	7	0	0	0	0	3	-7	25	46
jetbrains-mono	24	2	0.85	29x55	"Z\u{302}\u{303}\u{304}"	0	7	1	text	591	0	150	14	0	0	0	0	4	-14	25	45
jetbrains-mono	24	2	0.85	29x55	"Ệ"	0	13	1	text	550	0	6	1	1	0	0	0	4	-1	26	56
jetbrains-mono	24	2	0.85	29x55	"W"	14	71	1	text	607	0	0	0	0	0	0	-3	0	9	29	45
jetbrains-mono	24	2	0.85	29x55	"ع"	15	11	1	text	450	0	116	0	6	0	0	0	1	22	27	61
jetbrains-mono	24	2	0.85	29x55	"ح"	15	13	1	text	461	0	119	0	6	0	0	0	0	24	28	61
cascadia-mono	24	2	1	28x57	"Ẫ"	0	2	1	text	612	0	112	8	0	0	0	0	1	-8	27	45
cascadia-mono	24	2	1	28x57	"Ǻ"	0	4	1	text	563	0	31	4	0	0	0	0	1	-4	27	45
cascadia-mono	24	2	1	28x57	"Z\u{302}\u{303}\u{304}"	0	7	1	text	710	0	234	16	0	0	0	0	3	-16	25	45
cascadia-mono	24	2	1	28x57	"f"	6	0	1	text	478	0	0	0	0	0	5	2	0	9	33	57
cascadia-mono	24	2	1	28x57	"f"	7	0	1	text	559	0	0	0	0	0	6	3	0	9	34	57
cascadia-mono	24	2	1	28x57	"W"	14	71	1	text	554	0	0	0	0	1	0	-3	-1	11	28	45
cascadia-mono	24	2	1	28x57	"ع"	15	11	1	text	438	0	59	0	3	0	0	0	1	22	27	60
cascadia-mono	24	2	1	28x57	"ح"	15	13	1	text	445	0	61	0	3	0	0	0	0	24	27	60
cascadia-mono	24	2	0.85	28x48	"Å"	0	0	1	text	530	0	38	4	0	0	0	0	1	-4	27	41
cascadia-mono	24	2	0.85	28x48	"É"	0	1	1	text	511	0	16	2	0	0	0	0	3	-2	26	41
cascadia-mono	24	2	0.85	28x48	"Ẫ"	0	2	1	text	612	0	126	12	0	0	0	0	1	-12	27	41
cascadia-mono	24	2	0.85	28x48	"Ǻ"	0	4	1	text	563	0	71	8	0	0	0	0	1	-8	27	41
cascadia-mono	24	2	0.85	28x48	"ǻ"	0	5	1	text	535	0	26	4	0	0	0	0	2	-4	28	42
cascadia-mono	24	2	0.85	28x48	"Z\u{302}\u{303}\u{304}"	0	7	1	text	710	0	248	20	0	0	0	0	3	-20	25	41
cascadia-mono	24	2	0.85	28x48	"Ệ"	0	13	1	text	579	0	16	2	3	0	0	0	3	-2	26	51
cascadia-mono	24	2	0.85	28x48	"f"	6	0	1	text	478	0	0	0	5	0	5	2	0	5	33	53
cascadia-mono	24	2	0.85	28x48	"f"	7	0	1	text	559	0	0	0	5	0	6	3	0	5	34	53
cascadia-mono	24	2	0.85	28x48	"W"	14	71	1	text	554	0	0	0	0	1	0	-3	-1	7	28	41
cascadia-mono	24	2	0.85	28x48	"g"	15	0	1	text	535	0	69	0	5	0	0	0	2	15	25	53
cascadia-mono	24	2	0.85	28x48	"j"	15	1	1	text	359	0	52	0	5	0	0	0	3	5	22	53
cascadia-mono	24	2	0.85	28x48	"p"	15	2	1	text	471	0	24	0	4	0	0	0	3	15	26	52
cascadia-mono	24	2	0.85	28x48	"q"	15	3	1	text	464	0	24	0	4	0	0	0	2	15	25	52
cascadia-mono	24	2	0.85	28x48	"y"	15	4	1	text	403	0	49	0	5	0	0	0	1	16	26	53
cascadia-mono	24	2	0.85	28x48	"q\u{307}\u{328}"	15	9	1	text	579	0	47	0	4	0	18	0	2	5	46	52
cascadia-mono	24	2	0.85	28x48	"ع"	15	11	1	text	438	0	142	0	8	0	0	0	1	18	27	56
cascadia-mono	24	2	0.85	28x48	"ح"	15	13	1	text	445	0	145	0	8	0	0	0	0	20	27	56
hack	24	2	1	29x57	"Ẫ"	0	2	1	text	593	0	91	9	0	0	0	0	0	-9	29	45
hack	24	2	1	29x57	"Ǻ"	0	4	1	text	585	0	57	12	0	0	0	0	0	-12	29	45
hack	24	2	1	29x57	"ǻ"	0	5	1	text	578	0	57	10	0	0	0	0	3	-10	27	46
hack	24	2	1	29x57	"W"	14	71	1	text	557	0	0	0	0	3	0	-4	-3	9	29	45
hack	24	2	1	29x57	"ع"	15	11	1	text	444	0	63	0	4	0	0	0	1	22	27	61
hack	24	2	1	29x57	"ح"	15	13	1	text	450	0	64	0	4	0	0	0	0	24	27	61
hack	24	2	0.85	29x48	"Å"	0	0	1	text	528	0	40	4	0	0	0	0	0	-4	29	41
hack	24	2	0.85	29x48	"É"	0	1	1	text	474	0	17	3	0	0	0	0	4	-3	26	41
hack	24	2	0.85	29x48	"Ẫ"	0	2	1	text	593	0	114	13	0	0	0	0	0	-13	29	41
hack	24	2	0.85	29x48	"Ǻ"	0	4	1	text	585	0	97	16	0	0	0	0	0	-16	29	41
hack	24	2	0.85	29x48	"ǻ"	0	5	1	text	578	0	71	14	0	0	0	0	3	-14	27	42
hack	24	2	0.85	29x48	"Z\u{302}\u{303}\u{304}"	0	7	1	text	605	0	35	4	0	0	23	0	3	-4	52	41
hack	24	2	0.85	29x48	"Ệ"	0	13	1	text	538	0	36	4	3	0	0	0	4	-4	26	51
hack	24	2	0.85	29x48	"W"	14	71	1	text	557	0	0	0	0	3	0	-4	-3	5	29	41
hack	24	2	0.85	29x48	"g"	15	0	1	text	507	0	55	0	4	0	0	0	3	14	26	52
hack	24	2	0.85	29x48	"j"	15	1	1	text	301	0	43	0	4	0	0	0	5	4	20	52
hack	24	2	0.85	29x48	"p"	15	2	1	text	441	0	20	0	4	0	0	0	4	14	27	52
hack	24	2	0.85	29x48	"q"	15	3	1	text	435	0	20	0	4	0	0	0	3	14	25	52
hack	24	2	0.85	29x48	"y"	15	4	1	text	364	0	31	0	4	0	0	0	2	14	28	52
hack	24	2	0.85	29x48	"q\u{307}\u{328}"	15	9	1	text	524	0	42	0	4	0	19	0	3	4	48	52
hack	24	2	0.85	29x48	"ع"	15	11	1	text	444	0	144	0	9	0	0	0	1	18	27	57
hack	24	2	0.85	29x48	"ح"	15	13	1	text	450	0	146	0	9	0	0	0	0	20	27	57
dejavu-sans-mono	24	2	1	29x57	"W"	14	71	1	text	557	0	0	0	0	3	0	-4	-3	9	29	45
dejavu-sans-mono	24	2	0.85	29x48	"Å"	0	0	1	text	528	0	40	4	0	0	0	0	0	-4	29	41
dejavu-sans-mono	24	2	0.85	29x48	"É"	0	1	1	text	474	0	23	4	0	0	0	0	4	-4	26	41
dejavu-sans-mono	24	2	0.85	29x48	"Ẫ"	0	2	1	text	591	0	33	4	0	0	23	0	0	-4	52	41
dejavu-sans-mono	24	2	0.85	29x48	"Ǻ"	0	4	1	text	585	0	40	4	0	0	23	0	0	-4	52	41
dejavu-sans-mono	24	2	0.85	29x48	"ǻ"	0	5	1	text	570	0	14	2	0	0	23	0	3	-2	52	42
dejavu-sans-mono	24	2	0.85	29x48	"Z\u{302}\u{303}\u{304}"	0	7	1	text	605	0	35	4	0	0	23	0	3	-4	52	41
dejavu-sans-mono	24	2	0.85	29x48	"Ệ"	0	13	1	text	538	0	36	4	3	0	0	0	4	-4	26	51
dejavu-sans-mono	24	2	0.85	29x48	"W"	14	71	1	text	557	0	0	0	0	3	0	-4	-3	5	29	41
dejavu-sans-mono	24	2	0.85	29x48	"g"	15	0	1	text	498	0	56	0	4	0	0	0	2	14	25	52
dejavu-sans-mono	24	2	0.85	29x48	"j"	15	1	1	text	296	0	43	0	4	0	0	0	4	4	19	52
dejavu-sans-mono	24	2	0.85	29x48	"p"	15	2	1	text	441	0	20	0	4	0	0	0	4	14	27	52
dejavu-sans-mono	24	2	0.85	29x48	"q"	15	3	1	text	435	0	20	0	4	0	0	0	3	14	25	52
dejavu-sans-mono	24	2	0.85	29x48	"y"	15	4	1	text	364	0	31	0	4	0	0	0	2	14	28	52
dejavu-sans-mono	24	2	0.85	29x48	"q\u{307}\u{328}"	15	9	1	text	524	0	42	0	4	0	19	0	3	4	48	52
dejavu-sans-mono	24	2	0.85	29x48	"ع"	15	11	1	text	403	0	102	0	5	0	0	0	2	15	29	53
dejavu-sans-mono	24	2	0.85	29x48	"ح"	15	13	1	text	378	0	97	0	5	0	0	0	2	20	29	53
source-code-pro	24	2	1	29x62	"j"	14	0	1	text	294	0	0	0	0	0	0	1	0	13	25	59
source-code-pro	24	2	1	29x62	"W"	14	71	1	text	441	0	0	0	0	0	0	-2	0	16	29	48
source-code-pro	24	2	1	29x62	"ع"	15	11	1	text	450	0	21	0	2	0	0	0	1	25	27	64
source-code-pro	24	2	1	29x62	"ح"	15	13	1	text	461	0	22	0	2	0	0	0	0	27	28	64
source-code-pro	24	2	0.85	29x52	"Ẫ"	0	2	1	text	468	0	32	3	0	0	0	0	1	-3	28	43
source-code-pro	24	2	0.85	29x52	"Ǻ"	0	4	1	text	439	0	19	4	0	0	0	0	1	-4	28	43
source-code-pro	24	2	0.85	29x52	"j"	14	0	1	text	294	0	0	0	2	0	0	1	0	8	25	54
source-code-pro	24	2	0.85	29x52	"W"	14	71	1	text	441	0	0	0	0	0	0	-2	0	11	29	43
source-code-pro	24	2	0.85	29x52	"g"	15	0	1	text	477	0	30	0	2	0	0	0	3	18	28	54
source-code-pro	24	2	0.85	29x52	"j"	15	1	1	text	301	0	22	0	2	0	0	0	2	8	20	54
source-code-pro	24	2	0.85	29x52	"p"	15	2	1	text	383	0	5	0	1	0	0	0	4	18	27	53
source-code-pro	24	2	0.85	29x52	"q"	15	3	1	text	382	0	5	0	1	0	0	0	2	18	25	53
source-code-pro	24	2	0.85	29x52	"y"	15	4	1	text	304	0	11	0	2	0	0	0	2	19	27	54
source-code-pro	24	2	0.85	29x52	"q\u{307}\u{328}"	15	9	1	text	492	0	22	0	2	0	20	0	2	8	49	54
source-code-pro	24	2	0.85	29x52	"ع"	15	11	1	text	450	0	134	0	7	0	0	0	1	20	27	59
source-code-pro	24	2	0.85	29x52	"ح"	15	13	1	text	461	0	138	0	7	0	0	0	0	22	28	59
