font	size	scale	line_height	cell	graphemes	clipped	lost_clip	edge_clipped	lost_edge	text_shifted	text_shift_px	overflowing
iosevka-fixed	18	1	1	9x24	327	0	0	4	76	4	4	71
iosevka-fixed	18	1	0.85	9x20	327	0	0	10	165	4	4	85
iosevka-fixed	18	2	1	18x46	327	0	0	9	264	4	8	82
iosevka-fixed	18	2	0.85	18x39	327	0	0	15	588	4	8	120
iosevka-fixed	24	1	1	12x31	327	0	0	6	133	4	7	73
iosevka-fixed	24	1	0.85	12x26	327	0	0	15	319	4	7	118
iosevka-fixed	24	2	1	24x61	327	0	0	6	387	4	11	71
iosevka-fixed	24	2	0.85	24x51	327	0	0	15	979	4	11	118
jetbrains-mono	18	1	1	11x25	327	0	0	3	28	1	1	32
jetbrains-mono	18	1	0.85	11x21	327	0	0	9	120	1	1	61
jetbrains-mono	18	2	1	22x49	327	0	0	5	102	1	2	41
jetbrains-mono	18	2	0.85	22x42	327	0	0	8	355	1	2	66
jetbrains-mono	24	1	1	14x31	327	0	0	5	62	1	2	42
jetbrains-mono	24	1	0.85	14x27	327	0	0	9	170	1	2	62
jetbrains-mono	24	2	1	29x65	327	0	0	5	151	1	3	41
jetbrains-mono	24	2	0.85	29x55	327	0	0	9	610	1	3	67
cascadia-mono	18	1	1	11x23	327	0	0	5	92	3	3	56
cascadia-mono	18	1	0.85	11x19	327	0	0	15	239	3	3	116
cascadia-mono	18	2	1	21x43	327	0	0	5	298	3	6	55
cascadia-mono	18	2	0.85	21x36	327	0	0	15	693	3	6	162
cascadia-mono	24	1	1	14x29	327	0	0	5	143	3	5	57
cascadia-mono	24	1	0.85	14x24	327	0	0	15	362	3	5	165
cascadia-mono	24	2	1	28x57	327	0	0	5	497	3	8	56
cascadia-mono	24	2	0.85	28x48	327	0	0	15	1093	3	8	161
hack	18	1	1	11x22	327	0	0	7	70	1	2	57
hack	18	1	0.85	11x19	327	0	0	15	164	1	2	179
hack	18	2	1	22x43	327	0	0	7	226	1	3	57
hack	18	2	0.85	22x37	327	0	0	15	537	1	3	183
hack	24	1	1	14x28	327	0	0	5	99	1	2	56
hack	24	1	0.85	14x24	327	0	0	15	236	1	2	179
hack	24	2	1	29x57	327	0	0	5	332	1	4	57
hack	24	2	0.85	29x48	327	0	0	15	911	1	4	184
dejavu-sans-mono	18	1	1	11x22	327	0	0	2	4	1	2	59
dejavu-sans-mono	18	1	0.85	11x19	327	0	0	15	89	1	2	179
dejavu-sans-mono	18	2	1	22x43	327	0	0	2	8	1	3	59
dejavu-sans-mono	18	2	0.85	22x37	327	0	0	15	323	1	3	183
dejavu-sans-mono	24	1	1	14x28	327	0	0	0	0	1	2	58
dejavu-sans-mono	24	1	0.85	14x24	327	0	0	15	131	1	2	179
dejavu-sans-mono	24	2	1	29x57	327	0	0	0	0	1	4	59
dejavu-sans-mono	24	2	0.85	29x48	327	0	0	15	632	1	4	190
source-code-pro	18	1	1	11x25	327	0	0	0	0	2	2	49
source-code-pro	18	1	0.85	11x20	327	0	0	10	102	2	2	148
source-code-pro	18	2	1	22x48	327	0	0	2	19	2	3	58
source-code-pro	18	2	0.85	22x40	327	0	0	10	245	2	3	138
source-code-pro	24	1	1	14x30	327	0	0	2	12	2	2	58
source-code-pro	24	1	0.85	14x25	327	0	0	10	144	2	2	148
source-code-pro	24	2	1	29x62	327	0	0	2	43	2	3	58
source-code-pro	24	2	0.85	29x52	327	0	0	10	418	2	3	140
