font	size	scale	line_height	cell	symbol	row	column	columns	class	ink	lost_clip	lost_edge	out_top	out_bottom	out_left	out_right	shift_x
iosevka-fixed	24	2	1	24x61	"Ẫ"	0	2	1	text	526	0	102	10	0	0	0	0
iosevka-fixed	24	2	1	24x61	"Ǻ"	0	4	1	text	462	0	44	10	0	0	0	0
iosevka-fixed	24	2	1	24x61	"Z\u{302}\u{303}\u{304}"	0	7	1	text	559	0	166	17	0	0	0	0
iosevka-fixed	24	2	1	24x61	"q\u{307}\u{328}"	0	9	1	text	455	42	0	0	7	0	0	0
iosevka-fixed	24	2	1	24x61	"Ẫ"	1	29	1	text	526	102	0	10	0	0	0	0
iosevka-fixed	24	2	1	24x61	"Z\u{302}\u{303}\u{304}"	3	5	1	text	559	166	0	17	0	0	0	0
iosevka-fixed	24	2	1	24x61	"q\u{307}\u{328}"	3	13	1	text	455	42	0	0	7	0	0	0
iosevka-fixed	24	2	1	24x61	"Ǚ"	3	22	1	text	490	78	0	11	0	0	0	0
iosevka-fixed	24	2	1	24x61	"Έ"	4	16	1	text	391	0	0	0	0	0	0	2
iosevka-fixed	24	2	1	24x61	"م"	5	1	1	text	337	10	0	0	2	0	0	-1
iosevka-fixed	24	2	1	24x61	"ر"	5	2	1	text	222	0	0	0	0	0	0	-1
iosevka-fixed	24	2	1	24x61	"ح"	5	3	1	text	447	17	0	0	1	0	3	0
iosevka-fixed	24	2	1	24x61	"ع"	5	10	1	text	442	16	0	0	1	0	3	0
iosevka-fixed	24	2	1	24x61	"م"	5	13	1	text	337	10	0	0	2	0	0	-1
iosevka-fixed	24	2	1	24x61	"ש"	5	17	1	text	467	0	0	0	0	0	0	-1
iosevka-fixed	24	2	1	24x61	"ع"	5	28	1	text	442	16	0	0	1	0	3	0
iosevka-fixed	24	2	1	24x61	"ح"	5	30	1	text	447	17	0	0	1	0	3	0
iosevka-fixed	24	2	1	24x61	"م"	5	32	1	text	337	10	0	0	2	0	0	-1
iosevka-fixed	24	2	1	24x61	"ر"	5	36	1	text	222	0	0	0	0	0	0	-1
iosevka-fixed	24	2	1	24x61	"f"	6	0	1	text	349	0	15	0	0	3	1	0
iosevka-fixed	24	2	1	24x61	"j"	6	3	1	text	298	0	0	0	0	0	0	3
iosevka-fixed	24	2	1	24x61	"W"	6	5	1	text	439	0	0	0	0	0	0	-2
iosevka-fixed	24	2	1	24x61	"W"	6	7	1	text	439	0	0	0	0	0	0	-2
iosevka-fixed	24	2	1	24x61	"W"	6	9	1	text	439	0	0	0	0	0	0	-2
iosevka-fixed	24	2	1	24x61	"y"	6	10	1	text	394	0	0	0	0	0	0	1
iosevka-fixed	24	2	1	24x61	"x"	6	13	1	text	259	0	0	0	0	0	0	1
iosevka-fixed	24	2	1	24x61	"A"	6	19	1	text	350	0	0	0	0	0	0	1
iosevka-fixed	24	2	1	24x61	"T"	6	20	1	text	248	0	0	0	0	0	0	-1
iosevka-fixed	24	2	1	24x61	"g"	6	29	1	text	439	0	0	0	0	0	0	1
iosevka-fixed	24	2	1	24x61	"j"	6	30	1	text	298	0	0	0	0	0	0	3
iosevka-fixed	24	2	1	24x61	"p"	6	31	1	text	372	0	0	0	0	0	0	2
iosevka-fixed	24	2	1	24x61	"y"	6	33	1	text	394	0	0	0	0	0	0	1
iosevka-fixed	24	2	1	24x61	"Å"	6	35	1	text	423	0	0	0	0	0	0	1
iosevka-fixed	24	2	1	24x61	"f"	7	0	1	text	448	0	18	0	0	3	2	0
iosevka-fixed	24	2	1	24x61	"W"	7	5	1	text	534	0	0	0	0	0	0	-2
iosevka-fixed	24	2	1	24x61	"W"	7	7	1	text	534	0	0	0	0	0	0	-2
iosevka-fixed	24	2	1	24x61	"W"	7	9	1	text	534	0	0	0	0	0	0	-2
iosevka-fixed	24	2	1	24x61	"y"	7	10	1	text	493	0	0	0	0	0	0	1
iosevka-fixed	24	2	1	24x61	"A"	7	19	1	text	451	0	0	0	0	0	0	1
iosevka-fixed	24	2	1	24x61	"T"	7	20	1	text	315	0	0	0	0	0	0	-1
iosevka-fixed	24	2	1	24x61	"g"	7	29	1	text	528	0	0	0	0	0	0	1
iosevka-fixed	24	2	1	24x61	"p"	7	31	1	text	468	0	0	0	0	0	0	2
iosevka-fixed	24	2	1	24x61	"y"	7	33	1	text	493	0	0	0	0	0	0	1
iosevka-fixed	24	2	1	24x61	"Å"	7	35	1	text	543	5	0	1	0	0	0	1
iosevka-fixed	24	2	1	24x61	"É"	7	36	1	text	478	1	0	1	0	0	1	0
iosevka-fixed	24	2	1	24x61	"j"	13	0	1	text	298	0	0	0	0	0	0	3
iosevka-fixed	24	2	1	24x61	"W"	13	71	1	text	439	0	0	0	0	0	0	-2
iosevka-fixed	24	2	1	24x61	"q\u{307}\u{328}"	14	9	1	text	455	0	42	0	7	0	0	0
iosevka-fixed	24	2	1	24x61	"ع"	14	11	1	text	442	0	16	0	1	0	3	0
iosevka-fixed	24	2	1	24x61	"ح"	14	13	1	text	447	0	17	0	1	0	3	0
iosevka-fixed	24	2	1	24x61	"Ẫ"	14	15	1	text	526	102	0	10	0	0	0	0
iosevka-fixed	24	2	0.85	24x51	"Å"	0	0	1	text	418	0	40	5	0	0	0	0
iosevka-fixed	24	2	0.85	24x51	"É"	0	1	1	text	395	0	25	5	0	0	0	0
iosevka-fixed	24	2	0.85	24x51	"Ẫ"	0	2	1	text	526	0	148	15	0	0	0	0
iosevka-fixed	24	2	0.85	24x51	"Ǻ"	0	4	1	text	462	0	84	15	0	0	0	0
iosevka-fixed	24	2	0.85	24x51	"ǻ"	0	5	1	text	440	0	24	5	0	0	0	0
iosevka-fixed	24	2	0.85	24x51	"Z\u{302}\u{303}\u{304}"	0	7	1	text	559	0	212	22	0	0	0	0
iosevka-fixed	24	2	0.85	24x51	"q\u{307}\u{328}"	0	9	1	text	455	73	0	0	12	0	0	0
iosevka-fixed	24	2	0.85	24x51	"ṩ"	0	11	1	text	365	8	0	0	2	0	0	0
iosevka-fixed	24	2	0.85	24x51	"Ệ"	0	13	1	text	468	8	46	5	2	0	0	0
iosevka-fixed	24	2	0.85	24x51	"g"	0	15	1	text	415	22	0	0	2	0	0	0
iosevka-fixed	24	2	0.85	24x51	"j"	0	16	1	text	271	19	0	0	2	0	0	0
iosevka-fixed	24	2	0.85	24x51	"p"	0	17	1	text	349	8	0	0	2	0	0	0
iosevka-fixed	24	2	0.85	24x51	"q"	0	18	1	text	349	8	0	0	2	0	0	0
iosevka-fixed	24	2	0.85	24x51	"y"	0	19	1	text	286	10	0	0	2	0	0	0
iosevka-fixed	24	2	0.85	24x51	"Å"	1	8	1	text	418	40	0	5	0	0	0	0
iosevka-fixed	24	2	0.85	24x51	"g"	1	10	1	text	415	22	0	0	2	0	0	0
iosevka-fixed	24	2	0.85	24x51	"p"	1	19	1	text	349	8	0	0	2	0	0	0
iosevka-fixed	24	2	0.85	24x51	"Å"	1	27	1	text	418	40	0	5	0	0	0	0
iosevka-fixed	24	2	0.85	24x51	"É"	1	28	1	text	395	25	0	5	0	0	0	0
iosevka-fixed	24	2	0.85	24x51	"Ẫ"	1	29	1	text	526	148	0	15	0	0	0	0
iosevka-fixed	24	2	0.85	24x51	"g"	1	31	1	text	415	22	0	0	2	0	0	0
iosevka-fixed	24	2	0.85	24x51	"j"	1	32	1	text	271	19	0	0	2	0	0	0
iosevka-fixed	24	2	0.85	24x51	"p"	1	33	1	text	349	8	0	0	2	0	0	0
iosevka-fixed	24	2	0.85	24x51	"q"	1	34	1	text	349	8	0	0	2	0	0	0
iosevka-fixed	24	2	0.85	24x51	"y"	1	35	1	text	286	10	0	0	2	0	0	0
iosevka-fixed	24	2	0.85	24x51	"A\u{30a}"	2	8	1	text	418	40	0	5	0	0	0	0
iosevka-fixed	24	2	0.85	24x51	"g"	2	10	1	text	415	22	0	0	2	0	0	0
iosevka-fixed	24	2	0.85	24x51	"p"	2	19	1	text	349	8	0	0	2	0	0	0
iosevka-fixed	24	2	0.85	24x51	"a\u{301}\u{323}"	3	1	1	text	400	8	0	0	2	0	0	0
iosevka-fixed	24	2	0.85	24x51	"Z\u{302}\u{303}\u{304}"	3	5	1	text	559	212	0	22	0	0	0	0
iosevka-fixed	24	2	0.85	24x51	"q\u{307}\u{328}"	3	13	1	text	455	73	0	0	12	0	0	0
iosevka-fixed	24	2	0.85	24x51	"ǟ"	3	16	1	text	459	32	0	2	0	0	0	0
iosevka-fixed	24	2	0.85	24x51	"ȫ"	3	18	1	text	454	32	0	2	0	0	0	0
iosevka-fixed	24	2	0.85	24x51	"ǭ"	3	20	1	text	433	13	0	0	2	0	0	0
iosevka-fixed	24	2	0.85	24x51	"Ǚ"	3	22	1	text	490	126	0	16	0	0	0	0
iosevka-fixed	24	2	0.85	24x51	"η"	4	3	1	text	289	8	0	0	2	0	0	0
iosevka-fixed	24	2	0.85	24x51	"μ"	4	4	1	text	309	8	0	0	2	0	0	0
iosevka-fixed	24	2	0.85	24x51	"ρ"	4	6	1	text	345	8	0	0	2	0	0	0
iosevka-fixed	24	2	0.85	24x51	"μ"	4	12	1	text	309	8	0	0	2	0	0	0
iosevka-fixed	24	2	0.85	24x51	"Έ"	4	16	1	text	391	0	0	0	0	0	0	2
iosevka-fixed	24	2	0.85	24x51	"ῷ"	4	17	1	text	426	8	0	0	2	0	0	0
iosevka-fixed	24	2	0.85	24x51	"р"	4	22	1	text	349	8	0	0	2	0	0	0
iosevka-fixed	24	2	0.85	24x51	","	4	27	1	text	107	5	0	0	2	0	0	0
iosevka-fixed	24	2	0.85	24x51	"р"	4	31	1	text	349	8	0	0	2	0	0	0
iosevka-fixed	24	2	0.85	24x51	"Й"	4	33	1	text	486	40	0	4	0	0	0	0
iosevka-fixed	24	2	0.85	24x51	"م"	5	1	1	text	337	35	0	0	7	0	0	-1
iosevka-fixed	24	2	0.85	24x51	"ر"	5	2	1	text	222	33	0	0	3	0	0	-1
iosevka-fixed	24	2	0.85	24x51	"ح"	5	3	1	text	447	131	0	0	6	0	3	0
iosevka-fixed	24	2	0.85	24x51	"ب"	5	4	1	text	312	3	0	0	1	0	4	0
iosevka-fixed	24	2	0.85	24x51	"ب"	5	7	1	text	312	3	0	0	1	0	4	0
iosevka-fixed	24	2	0.85	24x51	"ع"	5	10	1	text	442	129	0	0	6	0	3	0
iosevka-fixed	24	2	0.85	24x51	"م"	5	13	1	text	337	35	0	0	7	0	0	-1
iosevka-fixed	24	2	0.85	24x51	"ש"	5	17	1	text	467	0	0	0	0	0	0	-1
iosevka-fixed	24	2	0.85	24x51	"ع"	5	28	1	text	442	129	0	0	6	0	3	0
iosevka-fixed	24	2	0.85	24x51	"ح"	5	30	1	text	447	131	0	0	6	0	3	0
iosevka-fixed	24	2	0.85	24x51	"م"	5	32	1	text	337	35	0	0	7	0	0	-1
iosevka-fixed	24	2	0.85	24x51	"ر"	5	36	1	text	222	33	0	0	3	0	0	-1
iosevka-fixed	24	2	0.85	24x51	"f"	6	0	1	text	349	11	15	0	2	3	1	0
iosevka-fixed	24	2	0.85	24x51	"f"	6	2	1	text	349	17	0	0	2	3	1	0
iosevka-fixed	24	2	0.85	24x51	"j"	6	3	1	text	298	19	0	0	2	0	0	3
iosevka-fixed	24	2	0.85	24x51	"W"	6	5	1	text	439	0	0	0	0	0	0	-2
iosevka-fixed	24	2	0.85	24x51	"W"	6	7	1	text	439	0	0	0	0	0	0	-2
iosevka-fixed	24	2	0.85	24x51	"W"	6	9	1	text	439	0	0	0	0	0	0	-2
iosevka-fixed	24	2	0.85	24x51	"y"	6	10	1	text	394	22	0	0	2	0	0	1
iosevka-fixed	24	2	0.85	24x51	"f"	6	12	1	text	349	17	0	0	2	3	1	0
iosevka-fixed	24	2	0.85	24x51	"x"	6	13	1	text	259	0	0	0	0	0	0	1
iosevka-fixed	24	2	0.85	24x51	"ƒ"	6	15	1	text	349	17	0	0	2	3	1	0
iosevka-fixed	24	2	0.85	24x51	"A"	6	19	1	text	350	0	0	0	0	0	0	1
iosevka-fixed	24	2	0.85	24x51	"T"	6	20	1	text	248	0	0	0	0	0	0	-1
iosevka-fixed	24	2	0.85	24x51	"ʃ"	6	22	1	text	274	14	0	0	2	2	0	0
iosevka-fixed	24	2	0.85	24x51	"g"	6	29	1	text	439	22	0	0	2	0	0	1
iosevka-fixed	24	2	0.85	24x51	"j"	6	30	1	text	298	19	0	0	2	0	0	3
iosevka-fixed	24	2	0.85	24x51	"p"	6	31	1	text	372	10	0	0	2	0	0	2
iosevka-fixed	24	2	0.85	24x51	"q"	6	32	1	text	378	10	0	0	2	0	0	0
iosevka-fixed	24	2	0.85	24x51	"y"	6	33	1	text	394	22	0	0	2	0	0	1
iosevka-fixed	24	2	0.85	24x51	"Å"	6	35	1	text	423	40	0	5	0	0	0	1
iosevka-fixed	24	2	0.85	24x51	"É"	6	36	1	text	399	27	0	5	0	0	1	0
iosevka-fixed	24	2	0.85	24x51	"f"	7	0	1	text	448	13	18	0	2	3	2	0
iosevka-fixed	24	2	0.85	24x51	"f"	7	2	1	text	448	19	0	0	2	3	2	0
iosevka-fixed	24	2	0.85	24x51	"j"	7	3	1	text	394	21	0	0	2	4	0	0
iosevka-fixed	24	2	0.85	24x51	"W"	7	5	1	text	534	0	0	0	0	0	0	-2
iosevka-fixed	24	2	0.85	24x51	"W"	7	7	1	text	534	0	0	0	0	0	0	-2
iosevka-fixed	24	2	0.85	24x51	"W"	7	9	1	text	534	0	0	0	0	0	0	-2
iosevka-fixed	24	2	0.85	24x51	"y"	7	10	1	text	493	22	0	0	2	0	0	1
iosevka-fixed	24	2	0.85	24x51	"f"	7	12	1	text	448	19	0	0	2	3	2	0
iosevka-fixed	24	2	0.85	24x51	"ƒ"	7	15	1	text	448	19	0	0	2	3	2	0
iosevka-fixed	24	2	0.85	24x51	"A"	7	19	1	text	451	0	0	0	0	0	0	1
iosevka-fixed	24	2	0.85	24x51	"T"	7	20	1	text	315	0	0	0	0	0	0	-1
iosevka-fixed	24	2	0.85	24x51	"ʃ"	7	22	1	text	357	15	0	0	2	2	1	0
iosevka-fixed	24	2	0.85	24x51	"g"	7	29	1	text	528	22	0	0	2	0	0	1
iosevka-fixed	24	2	0.85	24x51	"j"	7	30	1	text	394	21	0	0	2	4	0	0
iosevka-fixed	24	2	0.85	24x51	"p"	7	31	1	text	468	13	0	0	2	0	0	2
iosevka-fixed	24	2	0.85	24x51	"q"	7	32	1	text	463	12	0	0	2	0	0	0
iosevka-fixed	24	2	0.85	24x51	"y"	7	33	1	text	493	22	0	0	2	0	0	1
iosevka-fixed	24	2	0.85	24x51	"Å"	7	35	1	text	543	50	0	6	0	0	0	1
iosevka-fixed	24	2	0.85	24x51	"É"	7	36	1	text	478	32	0	6	0	0	1	0
iosevka-fixed	24	2	0.85	24x51	"1\u{fe0f}\u{20e3}"	9	19	2	color	3056	253	0	2	3	0	9	0
iosevka-fixed	24	2	0.85	24x51	"j"	12	0	1	text	271	19	0	0	2	0	0	0
iosevka-fixed	24	2	0.85	24x51	"j"	13	0	1	text	298	19	0	0	2	0	0	3
iosevka-fixed	24	2	0.85	24x51	"W"	13	71	1	text	439	0	0	0	0	0	0	-2
iosevka-fixed	24	2	0.85	24x51	"g"	14	0	1	text	415	0	22	0	2	0	0	0
iosevka-fixed	24	2	0.85	24x51	"j"	14	1	1	text	271	0	19	0	2	0	0	0
iosevka-fixed	24	2	0.85	24x51	"p"	14	2	1	text	349	0	8	0	2	0	0	0
iosevka-fixed	24	2	0.85	24x51	"q"	14	3	1	text	349	0	8	0	2	0	0	0
iosevka-fixed	24	2	0.85	24x51	"y"	14	4	1	text	286	0	10	0	2	0	0	0
iosevka-fixed	24	2	0.85	24x51	"Å"	14	6	1	text	418	40	0	5	0	0	0	0
iosevka-fixed	24	2	0.85	24x51	"É"	14	7	1	text	395	25	0	5	0	0	0	0
iosevka-fixed	24	2	0.85	24x51	"q\u{307}\u{328}"	14	9	1	text	455	0	73	0	12	0	0	0
iosevka-fixed	24	2	0.85	24x51	"ع"	14	11	1	text	442	0	129	0	6	0	3	0
iosevka-fixed	24	2	0.85	24x51	"ح"	14	13	1	text	447	0	131	0	6	0	3	0
iosevka-fixed	24	2	0.85	24x51	"Ẫ"	14	15	1	text	526	148	0	15	0	0	0	0
jetbrains-mono	24	2	1	29x65	"Ǻ"	0	4	1	text	561	0	44	9	0	0	0	0
jetbrains-mono	24	2	1	29x65	"ǻ"	0	5	1	text	549	0	13	2	0	0	0	0
jetbrains-mono	24	2	1	29x65	"Z\u{302}\u{303}\u{304}"	0	7	1	text	591	0	85	9	0	0	0	0
jetbrains-mono	24	2	1	29x65	"Z\u{302}\u{303}\u{304}"	3	5	1	text	591	85	0	9	0	0	0	0
jetbrains-mono	24	2	1	29x65	"Ǚ"	3	22	1	text	568	75	0	6	0	0	0	0
jetbrains-mono	24	2	1	29x65	"م"	5	1	1	text	339	5	0	0	1	0	0	0
jetbrains-mono	24	2	1	29x65	"ح"	5	3	1	text	461	5	0	0	1	0	0	0
jetbrains-mono	24	2	1	29x65	"ع"	5	10	1	text	450	4	0	0	1	0	0	0
jetbrains-mono	24	2	1	29x65	"م"	5	13	1	text	339	5	0	0	1	0	0	0
jetbrains-mono	24	2	1	29x65	"ع"	5	28	1	text	450	4	0	0	1	0	0	0
jetbrains-mono	24	2	1	29x65	"ح"	5	30	1	text	461	5	0	0	1	0	0	0
jetbrains-mono	24	2	1	29x65	"م"	5	32	1	text	339	5	0	0	1	0	0	0
jetbrains-mono	24	2	1	29x65	"W"	6	5	1	text	607	0	0	0	0	0	0	-3
jetbrains-mono	24	2	1	29x65	"W"	6	7	1	text	607	0	0	0	0	0	0	-3
jetbrains-mono	24	2	1	29x65	"W"	6	9	1	text	607	0	0	0	0	0	0	-3
jetbrains-mono	24	2	1	29x65	"T"	6	20	1	text	293	0	0	0	0	0	0	-1
jetbrains-mono	24	2	1	29x65	"A"	7	19	1	text	517	0	0	0	0	0	0	1
jetbrains-mono	24	2	1	29x65	"T"	7	20	1	text	387	0	0	0	0	0	0	-2
jetbrains-mono	24	2	1	29x65	"Å"	7	35	1	text	647	0	0	0	0	0	0	1
jetbrains-mono	24	2	1	29x65	"W"	13	71	1	text	607	0	0	0	0	0	0	-3
jetbrains-mono	24	2	1	29x65	"ع"	14	11	1	text	450	0	4	0	1	0	0	0
jetbrains-mono	24	2	1	29x65	"ح"	14	13	1	text	461	0	5	0	1	0	0	0
jetbrains-mono	24	2	0.85	29x55	"Å"	0	0	1	text	517	0	30	4	0	0	0	0
jetbrains-mono	24	2	0.85	29x55	"É"	0	1	1	text	474	0	6	1	0	0	0	0
jetbrains-mono	24	2	0.85	29x55	"Ẫ"	0	2	1	text	568	0	65	5	0	0	0	0
jetbrains-mono	24	2	0.85	29x55	"Ǻ"	0	4	1	text	561	0	74	14	0	0	0	0
jetbrains-mono	24	2	0.85	29x55	"ǻ"	0	5	1	text	549	0	44	7	0	0	0	0
jetbrains-mono	24	2	0.85	29x55	"Z\u{302}\u{303}\u{304}"	0	7	1	text	591	0	150	14	0	0	0	0
jetbrains-mono	24	2	0.85	29x55	"Ệ"	0	13	1	text	550	4	6	1	1	0	0	0
jetbrains-mono	24	2	0.85	29x55	"Å"	1	8	1	text	517	30	0	4	0	0	0	0
jetbrains-mono	24	2	0.85	29x55	"Å"	1	27	1	text	517	30	0	4	0	0	0	0
jetbrains-mono	24	2	0.85	29x55	"É"	1	28	1	text	474	6	0	1	0	0	0	0
jetbrains-mono	24	2	0.85	29x55	"Ẫ"	1	29	1	text	568	65	0	5	0	0	0	0
jetbrains-mono	24	2	0.85	29x55	"A\u{30a}"	2	8	1	text	517	30	0	4	0	0	0	0
jetbrains-mono	24	2	0.85	29x55	"a\u{301}\u{323}"	3	1	1	text	488	4	0	0	1	0	0	0
jetbrains-mono	24	2	0.85	29x55	"Z\u{302}\u{303}\u{304}"	3	5	1	text	591	150	0	14	0	0	0	0
jetbrains-mono	24	2	0.85	29x55	"ǟ"	3	16	1	text	550	34	0	2	0	0	0	0
jetbrains-mono	24	2	0.85	29x55	"ȫ"	3	18	1	text	496	34	0	2	0	0	0	0
jetbrains-mono	24	2	0.85	29x55	"Ǚ"	3	22	1	text	568	91	0	11	0	0	0	0
jetbrains-mono	24	2	0.85	29x55	"ῷ"	4	17	1	text	578	4	0	0	1	0	0	0
jetbrains-mono	24	2	0.85	29x55	"Й"	4	33	1	text	593	10	0	1	0	0	0	0
jetbrains-mono	24	2	0.85	29x55	"م"	5	1	1	text	339	30	0	0	6	0	0	0
jetbrains-mono	24	2	0.85	29x55	"ر"	5	2	1	text	228	19	0	0	2	0	0	0
jetbrains-mono	24	2	0.85	29x55	"ح"	5	3	1	text	461	119	0	0	6	0	0	0
jetbrains-mono	24	2	0.85	29x55	"ب"	5	4	1	text	314	1	0	0	1	0	0	0
jetbrains-mono	24	2	0.85	29x55	"ب"	5	7	1	text	314	1	0	0	1	0	0	0
jetbrains-mono	24	2	0.85	29x55	"ع"	5	10	1	text	450	116	0	0	6	0	0	0
jetbrains-mono	24	2	0.85	29x55	"م"	5	13	1	text	339	30	0	0	6	0	0	0
jetbrains-mono	24	2	0.85	29x55	"ع"	5	28	1	text	450	116	0	0	6	0	0	0
jetbrains-mono	24	2	0.85	29x55	"ح"	5	30	1	text	461	119	0	0	6	0	0	0
jetbrains-mono	24	2	0.85	29x55	"م"	5	32	1	text	339	30	0	0	6	0	0	0
jetbrains-mono	24	2	0.85	29x55	"ر"	5	36	1	text	228	19	0	0	2	0	0	0
jetbrains-mono	24	2	0.85	29x55	"W"	6	5	1	text	607	0	0	0	0	0	0	-3
jetbrains-mono	24	2	0.85	29x55	"W"	6	7	1	text	607	0	0	0	0	0	0	-3
jetbrains-mono	24	2	0.85	29x55	"W"	6	9	1	text	607	0	0	0	0	0	0	-3
jetbrains-mono	24	2	0.85	29x55	"T"	6	20	1	text	293	0	0	0	0	0	0	-1
jetbrains-mono	24	2	0.85	29x55	"ʃ"	6	22	1	text	343	7	0	0	1	0	0	0
jetbrains-mono	24	2	0.85	29x55	"Å"	6	35	1	text	522	31	0	4	0	0	0	0
jetbrains-mono	24	2	0.85	29x55	"É"	6	36	1	text	458	7	0	1	0	0	0	0
jetbrains-mono	24	2	0.85	29x55	"A"	7	19	1	text	517	0	0	0	0	0	0	1
jetbrains-mono	24	2	0.85	29x55	"T"	7	20	1	text	387	0	0	0	0	0	0	-2
jetbrains-mono	24	2	0.85	29x55	"ʃ"	7	22	1	text	343	7	0	0	1	0	0	0
jetbrains-mono	24	2	0.85	29x55	"Å"	7	35	1	text	647	40	0	4	0	0	0	1
jetbrains-mono	24	2	0.85	29x55	"É"	7	36	1	text	577	8	0	1	0	0	0	0
jetbrains-mono	24	2	0.85	29x55	"1\u{fe0f}\u{20e3}"	9	19	2	color	3112	102	0	0	2	0	0	0
jetbrains-mono	24	2	0.85	29x55	"W"	13	71	1	text	607	0	0	0	0	0	0	-3
jetbrains-mono	24	2	0.85	29x55	"Å"	14	6	1	text	517	30	0	4	0	0	0	0
jetbrains-mono	24	2	0.85	29x55	"É"	14	7	1	text	474	6	0	1	0	0	0	0
jetbrains-mono	24	2	0.85	29x55	"ع"	14	11	1	text	450	0	116	0	6	0	0	0
jetbrains-mono	24	2	0.85	29x55	"ح"	14	13	1	text	461	0	119	0	6	0	0	0
jetbrains-mono	24	2	0.85	29x55	"Ẫ"	14	15	1	text	568	65	0	5	0	0	0	0
cascadia-mono	24	2	1	28x57	"Ẫ"	0	2	1	text	612	0	112	8	0	0	0	0
cascadia-mono	24	2	1	28x57	"Ǻ"	0	4	1	text	563	0	31	4	0	0	0	0
cascadia-mono	24	2	1	28x57	"Z\u{302}\u{303}\u{304}"	0	7	1	text	710	0	234	16	0	0	0	0
cascadia-mono	24	2	1	28x57	"Ẫ"	1	29	1	text	612	112	0	8	0	0	0	0
cascadia-mono	24	2	1	28x57	"Z\u{302}\u{303}\u{304}"	3	5	1	text	710	234	0	16	0	0	0	0
cascadia-mono	24	2	1	28x57	"Ǚ"	3	22	1	text	614	76	0	8	0	0	0	0
cascadia-mono	24	2	1	28x57	"م"	5	1	1	text	338	20	0	0	4	0	0	0
cascadia-mono	24	2	1	28x57	"ح"	5	3	1	text	445	61	0	0	3	0	0	0
cascadia-mono	24	2	1	28x57	"ع"	5	10	1	text	438	59	0	0	3	0	0	0
cascadia-mono	24	2	1	28x57	"م"	5	13	1	text	338	20	0	0	4	0	0	0
cascadia-mono	24	2	1	28x57	"ع"	5	28	1	text	438	59	0	0	3	0	0	0
cascadia-mono	24	2	1	28x57	"ح"	5	30	1	text	445	61	0	0	3	0	0	0
cascadia-mono	24	2	1	28x57	"م"	5	32	1	text	338	20	0	0	4	0	0	0
cascadia-mono	24	2	1	28x57	"f"	6	0	1	text	478	0	11	0	0	2	3	0
cascadia-mono	24	2	1	28x57	"A"	6	19	1	text	455	0	0	0	0	0	0	2
cascadia-mono	24	2	1	28x57	"T"	6	20	1	text	320	0	0	0	0	0	0	-2
cascadia-mono	24	2	1	28x57	"p"	6	31	1	text	471	0	0	0	0	0	0	1
cascadia-mono	24	2	1	28x57	"Å"	6	35	1	text	555	0	0	0	0	0	0	2
cascadia-mono	24	2	1	28x57	"f"	7	0	1	text	559	0	20	0	0	3	3	0
cascadia-mono	24	2	1	28x57	"A"	7	19	1	text	512	0	0	0	0	0	0	2
cascadia-mono	24	2	1	28x57	"T"	7	20	1	text	374	0	0	0	0	0	0	-2
cascadia-mono	24	2	1	28x57	"p"	7	31	1	text	547	0	0	0	0	0	0	1
cascadia-mono	24	2	1	28x57	"Å"	7	35	1	text	643	0	0	0	0	0	0	2
cascadia-mono	24	2	1	28x57	"1\u{fe0f}\u{20e3}"	9	19	2	color	3056	0	0	0	0	0	0	-1
cascadia-mono	24	2	1	28x57	"W"	13	71	1	text	554	0	26	0	0	0	3	0
cascadia-mono	24	2	1	28x57	"ع"	14	11	1	text	438	0	59	0	3	0	0	0
cascadia-mono	24	2	1	28x57	"ح"	14	13	1	text	445	0	61	0	3	0	0	0
cascadia-mono	24	2	1	28x57	"Ẫ"	14	15	1	text	612	112	0	8	0	0	0	0
cascadia-mono	24	2	0.85	28x48	"Å"	0	0	1	text	530	0	38	4	0	0	0	0
cascadia-mono	24	2	0.85	28x48	"É"	0	1	1	text	511	0	16	2	0	0	0	0
cascadia-mono	24	2	0.85	28x48	"Ẫ"	0	2	1	text	612	0	126	12	0	0	0	0
cascadia-mono	24	2	0.85	28x48	"Ǻ"	0	4	1	text	563	0	71	8	0	0	0	0
cascadia-mono	24	2	0.85	28x48	"ǻ"	0	5	1	text	535	0	26	4	0	0	0	0
cascadia-mono	24	2	0.85	28x48	"Z\u{302}\u{303}\u{304}"	0	7	1	text	710	0	248	20	0	0	0	0
cascadia-mono	24	2	0.85	28x48	"q\u{307}\u{328}"	0	9	1	text	579	47	0	0	4	0	18	0
cascadia-mono	24	2	0.85	28x48	"ṩ"	0	11	1	text	448	18	0	0	3	0	0	0
cascadia-mono	24	2	0.85	28x48	"Ệ"	0	13	1	text	579	19	16	2	3	0	0	0
cascadia-mono	24	2	0.85	28x48	"g"	0	15	1	text	535	69	0	0	5	0	0	0
cascadia-mono	24	2	0.85	28x48	"j"	0	16	1	text	359	52	0	0	5	0	0	0
cascadia-mono	24	2	0.85	28x48	"p"	0	17	1	text	471	24	0	0	4	0	0	0
cascadia-mono	24	2	0.85	28x48	"q"	0	18	1	text	464	24	0	0	4	0	0	0
cascadia-mono	24	2	0.85	28x48	"y"	0	19	1	text	403	49	0	0	5	0	0	0
cascadia-mono	24	2	0.85	28x48	"|"	1	0	1	text	294	6	0	0	1	0	0	0
cascadia-mono	24	2	0.85	28x48	"|"	1	5	1	text	294	6	0	0	1	0	0	0
cascadia-mono	24	2	0.85	28x48	"|"	1	7	1	text	294	6	0	0	1	0	0	0
cascadia-mono	24	2	0.85	28x48	"Å"	1	8	1	text	530	38	0	4	0	0	0	0
cascadia-mono	24	2	0.85	28x48	"g"	1	10	1	text	535	69	0	0	5	0	0	0
cascadia-mono	24	2	0.85	28x48	"|"	1	16	1	text	294	6	0	0	1	0	0	0
cascadia-mono	24	2	0.85	28x48	"|"	1	18	1	text	294	6	0	0	1	0	0	0
cascadia-mono	24	2	0.85	28x48	"p"	1	19	1	text	471	24	0	0	4	0	0	0
cascadia-mono	24	2	0.85	28x48	"|"	1	25	1	text	294	6	0	0	1	0	0	0
cascadia-mono	24	2	0.85	28x48	"Å"	1	27	1	text	530	38	0	4	0	0	0	0
cascadia-mono	24	2	0.85	28x48	"É"	1	28	1	text	511	16	0	2	0	0	0	0
cascadia-mono	24	2	0.85	28x48	"Ẫ"	1	29	1	text	612	126	0	12	0	0	0	0
cascadia-mono	24	2	0.85	28x48	"g"	1	31	1	text	535	69	0	0	5	0	0	0
cascadia-mono	24	2	0.85	28x48	"j"	1	32	1	text	359	52	0	0	5	0	0	0
cascadia-mono	24	2	0.85	28x48	"p"	1	33	1	text	471	24	0	0	4	0	0	0
cascadia-mono	24	2	0.85	28x48	"q"	1	34	1	text	464	24	0	0	4	0	0	0
cascadia-mono	24	2	0.85	28x48	"y"	1	35	1	text	403	49	0	0	5	0	0	0
cascadia-mono	24	2	0.85	28x48	"|"	1	36	1	text	294	6	0	0	1	0	0	0
cascadia-mono	24	2	0.85	28x48	"|"	2	0	1	text	294	6	0	0	1	0	0	0
cascadia-mono	24	2	0.85	28x48	"|"	2	5	1	text	294	6	0	0	1	0	0	0
cascadia-mono	24	2	0.85	28x48	"|"	2	7	1	text	294	6	0	0	1	0	0	0
cascadia-mono	24	2	0.85	28x48	"A\u{30a}"	2	8	1	text	530	38	0	4	0	0	0	0
cascadia-mono	24	2	0.85	28x48	"g"	2	10	1	text	535	69	0	0	5	0	0	0
cascadia-mono	24	2	0.85	28x48	"|"	2	16	1	text	294	6	0	0	1	0	0	0
cascadia-mono	24	2	0.85	28x48	"|"	2	18	1	text	294	6	0	0	1	0	0	0
cascadia-mono	24	2	0.85	28x48	"p"	2	19	1	text	471	24	0	0	4	0	0	0
cascadia-mono	24	2	0.85	28x48	"|"	2	25	1	text	294	6	0	0	1	0	0	0
cascadia-mono	24	2	0.85	28x48	"|"	3	0	1	text	294	6	0	0	1	0	0	0
cascadia-mono	24	2	0.85	28x48	"a\u{301}\u{323}"	3	1	1	text	488	18	0	0	3	0	0	0
cascadia-mono	24	2	0.85	28x48	"|"	3	2	1	text	294	6	0	0	1	0	0	0
cascadia-mono	24	2	0.85	28x48	"|"	3	4	1	text	294	6	0	0	1	0	0	0
cascadia-mono	24	2	0.85	28x48	"Z\u{302}\u{303}\u{304}"	3	5	1	text	710	248	0	20	0	0	0	0
cascadia-mono	24	2	0.85	28x48	"|"	3	6	1	text	294	6	0	0	1	0	0	0
cascadia-mono	24	2	0.85	28x48	"|"	3	8	1	text	294	6	0	0	1	0	0	0
cascadia-mono	24	2	0.85	28x48	"|"	3	10	1	text	294	6	0	0	1	0	0	0
cascadia-mono	24	2	0.85	28x48	"|"	3	12	1	text	294	6	0	0	1	0	0	0
cascadia-mono	24	2	0.85	28x48	"q\u{307}\u{328}"	3	13	1	text	579	47	0	0	4	0	18	0
cascadia-mono	24	2	0.85	28x48	"|"	3	14	1	text	294	6	0	0	1	0	0	0
cascadia-mono	24	2	0.85	28x48	"ǟ"	3	16	1	text	584	66	0	3	0	0	0	0
cascadia-mono	24	2	0.85	28x48	"ȫ"	3	18	1	text	566	66	0	3	0	0	0	0
cascadia-mono	24	2	0.85	28x48	"ǭ"	3	20	1	text	537	22	0	0	3	0	0	0
cascadia-mono	24	2	0.85	28x48	"Ǚ"	3	22	1	text	614	106	0	12	0	0	0	0
cascadia-mono	24	2	0.85	28x48	"η"	4	3	1	text	415	24	0	0	4	0	0	0
cascadia-mono	24	2	0.85	28x48	"μ"	4	4	1	text	447	24	0	0	4	0	0	0
cascadia-mono	24	2	0.85	28x48	"ρ"	4	6	1	text	450	24	0	0	4	0	0	0
cascadia-mono	24	2	0.85	28x48	"μ"	4	12	1	text	447	24	0	0	4	0	0	0
cascadia-mono	24	2	0.85	28x48	"ῷ"	4	17	1	text	569	16	0	0	3	0	0	0
cascadia-mono	24	2	0.85	28x48	"р"	4	22	1	text	471	24	0	0	4	0	0	0
cascadia-mono	24	2	0.85	28x48	","	4	27	1	text	101	24	0	0	4	0	0	0
cascadia-mono	24	2	0.85	28x48	"р"	4	31	1	text	471	24	0	0	4	0	0	0
cascadia-mono	24	2	0.85	28x48	"Й"	4	33	1	text	620	32	0	3	0	0	0	0
cascadia-mono	24	2	0.85	28x48	"|"	5	0	1	text	294	6	0	0	1	0	0	0
cascadia-mono	24	2	0.85	28x48	"م"	5	1	1	text	338	45	0	0	9	0	0	0
cascadia-mono	24	2	0.85	28x48	"ر"	5	2	1	text	216	63	0	0	4	0	0	0
cascadia-mono	24	2	0.85	28x48	"ح"	5	3	1	text	445	145	0	0	8	0	0	0
cascadia-mono	24	2	0.85	28x48	"ب"	5	4	1	text	308	15	0	0	3	0	0	0
cascadia-mono	24	2	0.85	28x48	"ب"	5	7	1	text	308	15	0	0	3	0	0	0
cascadia-mono	24	2	0.85	28x48	"ل"	5	9	1	text	406	22	0	0	2	0	0	0
cascadia-mono	24	2	0.85	28x48	"ع"	5	10	1	text	438	142	0	0	8	0	0	0
cascadia-mono	24	2	0.85	28x48	"ل"	5	12	1	text	406	22	0	0	2	0	0	0
cascadia-mono	24	2	0.85	28x48	"م"	5	13	1	text	338	45	0	0	9	0	0	0
cascadia-mono	24	2	0.85	28x48	"|"	5	14	1	text	294	6	0	0	1	0	0	0
cascadia-mono	24	2	0.85	28x48	"|"	5	16	1	text	294	6	0	0	1	0	0	0
cascadia-mono	24	2	0.85	28x48	"|"	5	26	1	text	294	6	0	0	1	0	0	0
cascadia-mono	24	2	0.85	28x48	"ع"	5	28	1	text	438	142	0	0	8	0	0	0
cascadia-mono	24	2	0.85	28x48	"ح"	5	30	1	text	445	145	0	0	8	0	0	0
cascadia-mono	24	2	0.85	28x48	"م"	5	32	1	text	338	45	0	0	9	0	0	0
cascadia-mono	24	2	0.85	28x48	"ل"	5	34	1	text	406	22	0	0	2	0	0	0
cascadia-mono	24	2	0.85	28x48	"ر"	5	36	1	text	216	63	0	0	4	0	0	0
cascadia-mono	24	2	0.85	28x48	"f"	6	0	1	text	478	31	11	0	5	2	3	0
cascadia-mono	24	2	0.85	28x48	"f"	6	2	1	text	478	40	0	0	5	2	3	0
cascadia-mono	24	2	0.85	28x48	"j"	6	3	1	text	383	59	0	0	5	0	0	0
cascadia-mono	24	2	0.85	28x48	"y"	6	10	1	text	397	28	0	0	4	2	0	0
cascadia-mono	24	2	0.85	28x48	"f"	6	12	1	text	478	40	0	0	5	2	3	0
cascadia-mono	24	2	0.85	28x48	"ƒ"	6	15	1	text	575	55	0	0	5	0	3	0
cascadia-mono	24	2	0.85	28x48	"A"	6	19	1	text	455	0	0	0	0	0	0	2
cascadia-mono	24	2	0.85	28x48	"T"	6	20	1	text	320	0	0	0	0	0	0	-2
cascadia-mono	24	2	0.85	28x48	"ʃ"	6	22	1	text	371	40	0	0	5	2	3	0
cascadia-mono	24	2	0.85	28x48	"|"	6	26	1	text	294	6	0	0	1	0	0	0
cascadia-mono	24	2	0.85	28x48	"|"	6	27	1	text	294	6	0	0	1	0	0	0
cascadia-mono	24	2	0.85	28x48	"g"	6	29	1	text	511	60	0	0	5	0	0	0
cascadia-mono	24	2	0.85	28x48	"j"	6	30	1	text	383	59	0	0	5	0	0	0
cascadia-mono	24	2	0.85	28x48	"p"	6	31	1	text	471	24	0	0	4	0	0	1
cascadia-mono	24	2	0.85	28x48	"q"	6	32	1	text	473	38	0	0	5	0	0	0
cascadia-mono	24	2	0.85	28x48	"y"	6	33	1	text	397	28	0	0	4	2	0	0
cascadia-mono	24	2	0.85	28x48	"Å"	6	35	1	text	555	37	0	4	0	0	0	2
cascadia-mono	24	2	0.85	28x48	"É"	6	36	1	text	505	16	0	2	0	0	2	0
cascadia-mono	24	2	0.85	28x48	"f"	7	0	1	text	559	36	20	0	5	3	3	0
cascadia-mono	24	2	0.85	28x48	"f"	7	2	1	text	559	49	0	0	5	3	3	0
cascadia-mono	24	2	0.85	28x48	"j"	7	3	1	text	478	59	0	0	5	0	0	0
cascadia-mono	24	2	0.85	28x48	"y"	7	10	1	text	484	29	0	0	4	3	0	0
cascadia-mono	24	2	0.85	28x48	"f"	7	12	1	text	559	49	0	0	5	3	3	0
cascadia-mono	24	2	0.85	28x48	"ƒ"	7	15	1	text	679	62	0	0	5	0	3	0
cascadia-mono	24	2	0.85	28x48	"A"	7	19	1	text	512	0	0	0	0	0	0	2
cascadia-mono	24	2	0.85	28x48	"T"	7	20	1	text	374	0	0	0	0	0	0	-2
cascadia-mono	24	2	0.85	28x48	"ʃ"	7	22	1	text	456	49	0	0	5	3	3	0
cascadia-mono	24	2	0.85	28x48	"|"	7	26	1	text	392	8	0	0	1	0	0	0
cascadia-mono	24	2	0.85	28x48	"|"	7	27	1	text	392	8	0	0	1	0	0	0
cascadia-mono	24	2	0.85	28x48	"g"	7	29	1	text	596	63	0	0	5	0	0	0
cascadia-mono	24	2	0.85	28x48	"j"	7	30	1	text	478	59	0	0	5	0	0	0
cascadia-mono	24	2	0.85	28x48	"p"	7	31	1	text	547	31	0	0	4	0	0	1
cascadia-mono	24	2	0.85	28x48	"q"	7	32	1	text	548	40	0	0	5	0	0	0
cascadia-mono	24	2	0.85	28x48	"y"	7	33	1	text	484	29	0	0	4	3	0	0
cascadia-mono	24	2	0.85	28x48	"Å"	7	35	1	text	643	45	0	4	0	0	0	2
cascadia-mono	24	2	0.85	28x48	"É"	7	36	1	text	615	20	0	2	0	0	2	0
cascadia-mono	24	2	0.85	28x48	"|"	9	0	1	text	294	6	0	0	1	0	0	0
cascadia-mono	24	2	0.85	28x48	"|"	9	3	1	text	294	6	0	0	1	0	0	0
cascadia-mono	24	2	0.85	28x48	"|"	9	6	1	text	294	6	0	0	1	0	0	0
cascadia-mono	24	2	0.85	28x48	"|"	9	9	1	text	294	6	0	0	1	0	0	0
cascadia-mono	24	2	0.85	28x48	"|"	9	12	1	text	294	6	0	0	1	0	0	0
cascadia-mono	24	2	0.85	28x48	"|"	9	15	1	text	294	6	0	0	1	0	0	0
cascadia-mono	24	2	0.85	28x48	"|"	9	18	1	text	294	6	0	0	1	0	0	0
cascadia-mono	24	2	0.85	28x48	"1\u{fe0f}\u{20e3}"	9	19	2	color	3056	416	0	3	5	0	0	-1
cascadia-mono	24	2	0.85	28x48	"|"	9	21	1	text	294	6	0	0	1	0	0	0
cascadia-mono	24	2	0.85	28x48	"|"	10	0	1	text	294	6	0	0	1	0	0	0
cascadia-mono	24	2	0.85	28x48	"|"	10	7	1	text	294	6	0	0	1	0	0	0
cascadia-mono	24	2	0.85	28x48	"|"	10	16	1	text	294	6	0	0	1	0	0	0
cascadia-mono	24	2	0.85	28x48	"|"	10	21	1	text	294	6	0	0	1	0	0	0
cascadia-mono	24	2	0.85	28x48	"j"	12	0	1	text	359	52	0	0	5	0	0	0
cascadia-mono	24	2	0.85	28x48	"j"	13	0	1	text	383	59	0	0	5	0	0	0
cascadia-mono	24	2	0.85	28x48	"W"	13	71	1	text	554	0	26	0	0	0	3	0
cascadia-mono	24	2	0.85	28x48	"g"	14	0	1	text	535	0	69	0	5	0	0	0
cascadia-mono	24	2	0.85	28x48	"j"	14	1	1	text	359	0	52	0	5	0	0	0
cascadia-mono	24	2	0.85	28x48	"p"	14	2	1	text	471	0	24	0	4	0	0	0
cascadia-mono	24	2	0.85	28x48	"q"	14	3	1	text	464	0	24	0	4	0	0	0
cascadia-mono	24	2	0.85	28x48	"y"	14	4	1	text	403	0	49	0	5	0	0	0
cascadia-mono	24	2	0.85	28x48	"Å"	14	6	1	text	530	38	0	4	0	0	0	0
cascadia-mono	24	2	0.85	28x48	"É"	14	7	1	text	511	16	0	2	0	0	0	0
cascadia-mono	24	2	0.85	28x48	"q\u{307}\u{328}"	14	9	1	text	579	0	47	0	4	0	18	0
cascadia-mono	24	2	0.85	28x48	"ع"	14	11	1	text	438	0	142	0	8	0	0	0
cascadia-mono	24	2	0.85	28x48	"ح"	14	13	1	text	445	0	145	0	8	0	0	0
cascadia-mono	24	2	0.85	28x48	"Ẫ"	14	15	1	text	612	126	0	12	0	0	0	0
hack	24	2	1	29x57	"Ẫ"	0	2	1	text	593	0	91	9	0	0	0	0
hack	24	2	1	29x57	"Ǻ"	0	4	1	text	585	0	57	12	0	0	0	0
hack	24	2	1	29x57	"ǻ"	0	5	1	text	578	0	57	10	0	0	0	0
hack	24	2	1	29x57	"Ẫ"	1	29	1	text	593	91	0	9	0	0	0	0
hack	24	2	1	29x57	"Ǚ"	3	22	1	text	603	38	0	4	0	0	0	0
hack	24	2	1	29x57	"م"	5	1	1	text	338	20	0	0	4	0	0	0
hack	24	2	1	29x57	"ح"	5	3	1	text	450	64	0	0	4	0	0	0
hack	24	2	1	29x57	"ع"	5	10	1	text	444	63	0	0	4	0	0	0
hack	24	2	1	29x57	"م"	5	13	1	text	338	20	0	0	4	0	0	0
hack	24	2	1	29x57	"ع"	5	28	1	text	444	63	0	0	4	0	0	0
hack	24	2	1	29x57	"ح"	5	30	1	text	450	64	0	0	4	0	0	0
hack	24	2	1	29x57	"م"	5	32	1	text	338	20	0	0	4	0	0	0
hack	24	2	1	29x57	"A"	6	19	1	text	429	0	0	0	0	0	0	3
hack	24	2	1	29x57	"T"	6	20	1	text	322	0	0	0	0	0	0	-3
hack	24	2	1	29x57	"&"	6	24	1	text	481	0	0	0	0	0	0	1
hack	24	2	1	29x57	"p"	6	31	1	text	455	0	0	0	0	0	0	1
hack	24	2	1	29x57	"Å"	6	35	1	text	523	0	0	0	0	0	0	3
hack	24	2	1	29x57	"j"	7	3	1	text	460	0	0	0	0	0	0	1
hack	24	2	1	29x57	"A"	7	19	1	text	569	0	0	0	0	0	0	3
hack	24	2	1	29x57	"T"	7	20	1	text	415	0	0	0	0	0	0	-2
hack	24	2	1	29x57	"j"	7	30	1	text	460	0	0	0	0	0	0	1
hack	24	2	1	29x57	"p"	7	31	1	text	603	0	0	0	0	0	0	1
hack	24	2	1	29x57	"Å"	7	35	1	text	672	0	0	0	0	0	0	3
hack	24	2	1	29x57	"W"	13	71	1	text	557	0	26	0	0	0	4	0
hack	24	2	1	29x57	"ع"	14	11	1	text	444	0	63	0	4	0	0	0
hack	24	2	1	29x57	"ح"	14	13	1	text	450	0	64	0	4	0	0	0
hack	24	2	1	29x57	"Ẫ"	14	15	1	text	593	91	0	9	0	0	0	0
hack	24	2	0.85	29x48	"Å"	0	0	1	text	528	0	40	4	0	0	0	0
hack	24	2	0.85	29x48	"É"	0	1	1	text	474	0	17	3	0	0	0	0
hack	24	2	0.85	29x48	"Ẫ"	0	2	1	text	593	0	114	13	0	0	0	0
hack	24	2	0.85	29x48	"Ǻ"	0	4	1	text	585	0	97	16	0	0	0	0
hack	24	2	0.85	29x48	"ǻ"	0	5	1	text	578	0	71	14	0	0	0	0
hack	24	2	0.85	29x48	"Z\u{302}\u{303}\u{304}"	0	7	1	text	605	0	35	4	0	0	23	0
hack	24	2	0.85	29x48	"q\u{307}\u{328}"	0	9	1	text	524	42	0	0	4	0	19	0
hack	24	2	0.85	29x48	"ṩ"	0	11	1	text	371	15	0	0	3	0	0	0
hack	24	2	0.85	29x48	"Ệ"	0	13	1	text	538	18	36	4	3	0	0	0
hack	24	2	0.85	29x48	"g"	0	15	1	text	507	55	0	0	4	0	0	0
hack	24	2	0.85	29x48	"j"	0	16	1	text	301	43	0	0	4	0	0	0
hack	24	2	0.85	29x48	"p"	0	17	1	text	441	20	0	0	4	0	0	0
hack	24	2	0.85	29x48	"q"	0	18	1	text	435	20	0	0	4	0	0	0
hack	24	2	0.85	29x48	"y"	0	19	1	text	364	31	0	0	4	0	0	0
hack	24	2	0.85	29x48	"|"	1	0	1	text	245	25	0	0	5	0	0	0
hack	24	2	0.85	29x48	"|"	1	5	1	text	245	25	0	0	5	0	0	0
hack	24	2	0.85	29x48	"|"	1	7	1	text	245	25	0	0	5	0	0	0
hack	24	2	0.85	29x48	"Å"	1	8	1	text	528	40	0	4	0	0	0	0
hack	24	2	0.85	29x48	"g"	1	10	1	text	507	55	0	0	4	0	0	0
hack	24	2	0.85	29x48	"|"	1	16	1	text	245	25	0	0	5	0	0	0
hack	24	2	0.85	29x48	"|"	1	18	1	text	245	25	0	0	5	0	0	0
hack	24	2	0.85	29x48	"p"	1	19	1	text	441	20	0	0	4	0	0	0
hack	24	2	0.85	29x48	"|"	1	25	1	text	245	25	0	0	5	0	0	0
hack	24	2	0.85	29x48	"Å"	1	27	1	text	528	40	0	4	0	0	0	0
hack	24	2	0.85	29x48	"É"	1	28	1	text	474	17	0	3	0	0	0	0
hack	24	2	0.85	29x48	"Ẫ"	1	29	1	text	593	114	0	13	0	0	0	0
hack	24	2	0.85	29x48	"g"	1	31	1	text	507	55	0	0	4	0	0	0
hack	24	2	0.85	29x48	"j"	1	32	1	text	301	43	0	0	4	0	0	0
hack	24	2	0.85	29x48	"p"	1	33	1	text	441	20	0	0	4	0	0	0
hack	24	2	0.85	29x48	"q"	1	34	1	text	435	20	0	0	4	0	0	0
hack	24	2	0.85	29x48	"y"	1	35	1	text	364	31	0	0	4	0	0	0
hack	24	2	0.85	29x48	"|"	1	36	1	text	245	25	0	0	5	0	0	0
hack	24	2	0.85	29x48	"_"	1	43	1	text	100	25	0	0	1	0	0	0
hack	24	2	0.85	29x48	"|"	2	0	1	text	245	25	0	0	5	0	0	0
hack	24	2	0.85	29x48	"|"	2	5	1	text	245	25	0	0	5	0	0	0
hack	24	2	0.85	29x48	"|"	2	7	1	text	245	25	0	0	5	0	0	0
hack	24	2	0.85	29x48	"A\u{30a}"	2	8	1	text	528	40	0	4	0	0	0	0
hack	24	2	0.85	29x48	"g"	2	10	1	text	507	55	0	0	4	0	0	0
hack	24	2	0.85	29x48	"|"	2	16	1	text	245	25	0	0	5	0	0	0
hack	24	2	0.85	29x48	"|"	2	18	1	text	245	25	0	0	5	0	0	0
hack	24	2	0.85	29x48	"p"	2	19	1	text	441	20	0	0	4	0	0	0
hack	24	2	0.85	29x48	"|"	2	25	1	text	245	25	0	0	5	0	0	0
hack	24	2	0.85	29x48	"|"	3	0	1	text	245	25	0	0	5	0	0	0
hack	24	2	0.85	29x48	"a\u{301}\u{323}"	3	1	1	text	481	15	0	0	3	0	0	0
hack	24	2	0.85	29x48	"|"	3	2	1	text	245	25	0	0	5	0	0	0
hack	24	2	0.85	29x48	"|"	3	4	1	text	245	25	0	0	5	0	0	0
hack	24	2	0.85	29x48	"Z\u{302}\u{303}\u{304}"	3	5	1	text	605	35	0	4	0	0	23	0
hack	24	2	0.85	29x48	"|"	3	6	1	text	245	25	0	0	5	0	0	0
hack	24	2	0.85	29x48	"|"	3	8	1	text	245	25	0	0	5	0	0	0
hack	24	2	0.85	29x48	"|"	3	10	1	text	245	25	0	0	5	0	0	0
hack	24	2	0.85	29x48	"|"	3	12	1	text	245	25	0	0	5	0	0	0
hack	24	2	0.85	29x48	"q\u{307}\u{328}"	3	13	1	text	524	42	0	0	4	0	19	0
hack	24	2	0.85	29x48	"|"	3	14	1	text	245	25	0	0	5	0	0	0
hack	24	2	0.85	29x48	"ǟ"	3	16	1	text	532	45	0	3	0	0	0	0
hack	24	2	0.85	29x48	"ȫ"	3	18	1	text	510	45	0	3	0	0	0	0
hack	24	2	0.85	29x48	"ǭ"	3	20	1	text	483	27	0	0	3	0	0	0
hack	24	2	0.85	29x48	"Ǚ"	3	22	1	text	603	80	0	8	0	0	0	0
hack	24	2	0.85	29x48	"η"	4	3	1	text	375	20	0	0	4	0	0	0
hack	24	2	0.85	29x48	"μ"	4	4	1	text	407	20	0	0	4	0	0	0
hack	24	2	0.85	29x48	"ρ"	4	6	1	text	418	20	0	0	4	0	0	0
hack	24	2	0.85	29x48	"μ"	4	12	1	text	407	20	0	0	4	0	0	0
hack	24	2	0.85	29x48	"ῷ"	4	17	1	text	572	18	0	0	4	0	0	0
hack	24	2	0.85	29x48	"р"	4	22	1	text	440	20	0	0	4	0	0	0
hack	24	2	0.85	29x48	","	4	27	1	text	111	10	0	0	3	0	0	0
hack	24	2	0.85	29x48	"р"	4	31	1	text	440	20	0	0	4	0	0	0
hack	24	2	0.85	29x48	"Й"	4	33	1	text	594	30	0	3	0	0	0	0
hack	24	2	0.85	29x48	"|"	5	0	1	text	245	25	0	0	5	0	0	0
hack	24	2	0.85	29x48	"م"	5	1	1	text	338	45	0	0	9	0	0	0
hack	24	2	0.85	29x48	"ر"	5	2	1	text	224	68	0	0	5	0	0	0
hack	24	2	0.85	29x48	"ح"	5	3	1	text	450	146	0	0	9	0	0	0
hack	24	2	0.85	29x48	"ب"	5	4	1	text	314	16	0	0	4	0	0	0
hack	24	2	0.85	29x48	"ب"	5	7	1	text	314	16	0	0	4	0	0	0
hack	24	2	0.85	29x48	"ل"	5	9	1	text	412	24	0	0	2	0	0	0
hack	24	2	0.85	29x48	"ع"	5	10	1	text	444	144	0	0	9	0	0	0
hack	24	2	0.85	29x48	"ل"	5	12	1	text	412	24	0	0	2	0	0	0
hack	24	2	0.85	29x48	"م"	5	13	1	text	338	45	0	0	9	0	0	0
hack	24	2	0.85	29x48	"|"	5	14	1	text	245	25	0	0	5	0	0	0
hack	24	2	0.85	29x48	"|"	5	16	1	text	245	25	0	0	5	0	0	0
hack	24	2	0.85	29x48	"|"	5	26	1	text	245	25	0	0	5	0	0	0
hack	24	2	0.85	29x48	"ع"	5	28	1	text	444	144	0	0	9	0	0	0
hack	24	2	0.85	29x48	"ح"	5	30	1	text	450	146	0	0	9	0	0	0
hack	24	2	0.85	29x48	"م"	5	32	1	text	338	45	0	0	9	0	0	0
hack	24	2	0.85	29x48	"ل"	5	34	1	text	412	24	0	0	2	0	0	0
hack	24	2	0.85	29x48	"ر"	5	36	1	text	224	68	0	0	5	0	0	0
hack	24	2	0.85	29x48	"j"	6	3	1	text	310	45	0	0	4	0	0	0
hack	24	2	0.85	29x48	"y"	6	10	1	text	365	32	0	0	4	1	1	0
hack	24	2	0.85	29x48	"ƒ"	6	15	1	text	360	33	0	0	3	0	0	0
hack	24	2	0.85	29x48	"@"	6	17	1	text	603	9	0	0	1	1	0	0
hack	24	2	0.85	29x48	"A"	6	19	1	text	429	0	0	0	0	0	0	3
hack	24	2	0.85	29x48	"T"	6	20	1	text	322	0	0	0	0	0	0	-3
hack	24	2	0.85	29x48	"ʃ"	6	22	1	text	315	44	0	0	4	0	0	0
hack	24	2	0.85	29x48	"&"	6	24	1	text	481	0	0	0	0	0	0	1
hack	24	2	0.85	29x48	"|"	6	26	1	text	230	25	0	0	5	0	0	0
hack	24	2	0.85	29x48	"|"	6	27	1	text	230	25	0	0	5	0	0	0
hack	24	2	0.85	29x48	"g"	6	29	1	text	507	58	0	0	4	0	0	0
hack	24	2	0.85	29x48	"j"	6	30	1	text	310	45	0	0	4	0	0	0
hack	24	2	0.85	29x48	"p"	6	31	1	text	455	21	0	0	4	0	0	1
hack	24	2	0.85	29x48	"q"	6	32	1	text	449	22	0	0	4	0	0	0
hack	24	2	0.85	29x48	"y"	6	33	1	text	365	32	0	0	4	1	1	0
hack	24	2	0.85	29x48	"Å"	6	35	1	text	523	40	0	4	0	0	0	3
hack	24	2	0.85	29x48	"É"	6	36	1	text	476	18	0	3	0	0	0	0
hack	24	2	0.85	29x48	"j"	7	3	1	text	460	47	0	0	3	0	0	1
hack	24	2	0.85	29x48	"y"	7	10	1	text	499	36	0	0	3	2	2	0
hack	24	2	0.85	29x48	"ƒ"	7	15	1	text	491	38	0	0	4	0	0	0
hack	24	2	0.85	29x48	"@"	7	17	1	text	716	8	0	0	1	1	0	0
hack	24	2	0.85	29x48	"A"	7	19	1	text	569	0	0	0	0	0	0	3
hack	24	2	0.85	29x48	"T"	7	20	1	text	415	0	0	0	0	0	0	-2
hack	24	2	0.85	29x48	"ʃ"	7	22	1	text	315	44	0	0	4	0	0	0
hack	24	2	0.85	29x48	"|"	7	26	1	text	315	35	0	0	5	0	0	0
hack	24	2	0.85	29x48	"|"	7	27	1	text	315	35	0	0	5	0	0	0
hack	24	2	0.85	29x48	"g"	7	29	1	text	664	51	0	0	3	0	0	0
hack	24	2	0.85	29x48	"j"	7	30	1	text	460	47	0	0	3	0	0	1
hack	24	2	0.85	29x48	"p"	7	31	1	text	603	31	0	0	4	0	0	1
hack	24	2	0.85	29x48	"q"	7	32	1	text	602	30	0	0	4	0	0	0
hack	24	2	0.85	29x48	"y"	7	33	1	text	499	36	0	0	3	2	2	0
hack	24	2	0.85	29x48	"Å"	7	35	1	text	672	41	0	4	0	0	0	3
hack	24	2	0.85	29x48	"É"	7	36	1	text	647	24	0	3	0	0	1	0
hack	24	2	0.85	29x48	"∑"	8	15	1	text	388	92	0	0	4	0	0	0
hack	24	2	0.85	29x48	"|"	9	0	1	text	245	25	0	0	5	0	0	0
hack	24	2	0.85	29x48	"|"	9	3	1	text	245	25	0	0	5	0	0	0
hack	24	2	0.85	29x48	"|"	9	6	1	text	245	25	0	0	5	0	0	0
hack	24	2	0.85	29x48	"|"	9	9	1	text	245	25	0	0	5	0	0	0
hack	24	2	0.85	29x48	"|"	9	12	1	text	245	25	0	0	5	0	0	0
hack	24	2	0.85	29x48	"|"	9	15	1	text	245	25	0	0	5	0	0	0
hack	24	2	0.85	29x48	"|"	9	18	1	text	245	25	0	0	5	0	0	0
hack	24	2	0.85	29x48	"1\u{fe0f}\u{20e3}"	9	19	2	color	3112	424	0	3	5	0	0	0
hack	24	2	0.85	29x48	"|"	9	21	1	text	245	25	0	0	5	0	0	0
hack	24	2	0.85	29x48	"🧑"	9	23	2	text	463	50	0	0	2	0	0	0
hack	24	2	0.85	29x48	"🤔"	9	26	2	text	463	50	0	0	2	0	0	0
hack	24	2	0.85	29x48	"🥰"	9	29	2	text	463	50	0	0	2	0	0	0
hack	24	2	0.85	29x48	"⭐"	9	32	2	text	463	50	0	0	2	0	0	0
hack	24	2	0.85	29x48	"⌚"	9	35	2	text	463	50	0	0	2	0	0	0
hack	24	2	0.85	29x48	"|"	10	0	1	text	245	25	0	0	5	0	0	0
hack	24	2	0.85	29x48	"|"	10	7	1	text	245	25	0	0	5	0	0	0
hack	24	2	0.85	29x48	"简"	10	8	2	text	463	50	0	0	2	0	0	0
hack	24	2	0.85	29x48	"体"	10	10	2	text	463	50	0	0	2	0	0	0
hack	24	2	0.85	29x48	"中"	10	12	2	text	463	50	0	0	2	0	0	0
hack	24	2	0.85	29x48	"文"	10	14	2	text	463	50	0	0	2	0	0	0
hack	24	2	0.85	29x48	"|"	10	16	1	text	245	25	0	0	5	0	0	0
hack	24	2	0.85	29x48	"|"	10	21	1	text	245	25	0	0	5	0	0	0
hack	24	2	0.85	29x48	"（"	10	23	2	text	463	50	0	0	2	0	0	0
hack	24	2	0.85	29x48	"全"	10	25	2	text	463	50	0	0	2	0	0	0
hack	24	2	0.85	29x48	"角"	10	27	2	text	463	50	0	0	2	0	0	0
hack	24	2	0.85	29x48	"）"	10	29	2	text	463	50	0	0	2	0	0	0
hack	24	2	0.85	29x48	"１"	10	31	2	text	463	50	0	0	2	0	0	0
hack	24	2	0.85	29x48	"２"	10	33	2	text	463	50	0	0	2	0	0	0
hack	24	2	0.85	29x48	"３"	10	35	2	text	463	50	0	0	2	0	0	0
hack	24	2	0.85	29x48	"j"	12	0	1	text	301	43	0	0	4	0	0	0
hack	24	2	0.85	29x48	"j"	13	0	1	text	310	45	0	0	4	0	0	0
hack	24	2	0.85	29x48	"W"	13	71	1	text	557	0	26	0	0	0	4	0
hack	24	2	0.85	29x48	"g"	14	0	1	text	507	0	55	0	4	0	0	0
hack	24	2	0.85	29x48	"j"	14	1	1	text	301	0	43	0	4	0	0	0
hack	24	2	0.85	29x48	"p"	14	2	1	text	441	0	20	0	4	0	0	0
hack	24	2	0.85	29x48	"q"	14	3	1	text	435	0	20	0	4	0	0	0
hack	24	2	0.85	29x48	"y"	14	4	1	text	364	0	31	0	4	0	0	0
hack	24	2	0.85	29x48	"Å"	14	6	1	text	528	40	0	4	0	0	0	0
hack	24	2	0.85	29x48	"É"	14	7	1	text	474	17	0	3	0	0	0	0
hack	24	2	0.85	29x48	"q\u{307}\u{328}"	14	9	1	text	524	0	42	0	4	0	19	0
hack	24	2	0.85	29x48	"ع"	14	11	1	text	444	0	144	0	9	0	0	0
hack	24	2	0.85	29x48	"ح"	14	13	1	text	450	0	146	0	9	0	0	0
hack	24	2	0.85	29x48	"Ẫ"	14	15	1	text	593	114	0	13	0	0	0	0
dejavu-sans-mono	24	2	1	29x57	"Ǚ"	3	22	1	text	603	38	0	4	0	0	0	0
dejavu-sans-mono	24	2	1	29x57	"ر"	5	2	1	text	221	0	0	0	0	0	0	2
dejavu-sans-mono	24	2	1	29x57	"ر"	5	36	1	text	221	0	0	0	0	0	0	2
dejavu-sans-mono	24	2	1	29x57	"f"	6	0	1	text	319	0	0	0	0	0	0	-1
dejavu-sans-mono	24	2	1	29x57	"f"	6	2	1	text	319	0	0	0	0	0	0	-1
dejavu-sans-mono	24	2	1	29x57	"f"	6	12	1	text	319	0	0	0	0	0	0	-1
dejavu-sans-mono	24	2	1	29x57	"ƒ"	6	15	1	text	393	0	0	0	0	0	0	-1
dejavu-sans-mono	24	2	1	29x57	"A"	6	19	1	text	429	0	0	0	0	0	0	3
dejavu-sans-mono	24	2	1	29x57	"T"	6	20	1	text	322	0	0	0	0	0	0	-3
dejavu-sans-mono	24	2	1	29x57	"&"	6	24	1	text	480	0	0	0	0	0	0	1
dejavu-sans-mono	24	2	1	29x57	"p"	6	31	1	text	458	0	0	0	0	0	0	1
dejavu-sans-mono	24	2	1	29x57	"Å"	6	35	1	text	522	0	0	0	0	0	0	3
dejavu-sans-mono	24	2	1	29x57	"f"	7	0	1	text	423	0	0	0	0	0	0	-1
dejavu-sans-mono	24	2	1	29x57	"f"	7	2	1	text	423	0	0	0	0	0	0	-1
dejavu-sans-mono	24	2	1	29x57	"j"	7	3	1	text	462	0	0	0	0	0	0	2
dejavu-sans-mono	24	2	1	29x57	"f"	7	12	1	text	423	0	0	0	0	0	0	-1
dejavu-sans-mono	24	2	1	29x57	"A"	7	19	1	text	569	0	0	0	0	0	0	3
dejavu-sans-mono	24	2	1	29x57	"T"	7	20	1	text	415	0	0	0	0	0	0	-2
dejavu-sans-mono	24	2	1	29x57	"j"	7	30	1	text	462	0	0	0	0	0	0	2
dejavu-sans-mono	24	2	1	29x57	"p"	7	31	1	text	607	0	0	0	0	0	0	1
dejavu-sans-mono	24	2	1	29x57	"Å"	7	35	1	text	671	0	0	0	0	0	0	3
dejavu-sans-mono	24	2	1	29x57	"W"	13	71	1	text	557	0	26	0	0	0	4	0
dejavu-sans-mono	24	2	0.85	29x48	"Å"	0	0	1	text	528	0	40	4	0	0	0	0
dejavu-sans-mono	24	2	0.85	29x48	"É"	0	1	1	text	474	0	23	4	0	0	0	0
dejavu-sans-mono	24	2	0.85	29x48	"Ẫ"	0	2	1	text	591	0	33	4	0	0	23	0
dejavu-sans-mono	24	2	0.85	29x48	"Ǻ"	0	4	1	text	585	0	40	4	0	0	23	0
dejavu-sans-mono	24	2	0.85	29x48	"ǻ"	0	5	1	text	570	0	14	2	0	0	23	0
dejavu-sans-mono	24	2	0.85	29x48	"Z\u{302}\u{303}\u{304}"	0	7	1	text	605	0	35	4	0	0	23	0
dejavu-sans-mono	24	2	0.85	29x48	"q\u{307}\u{328}"	0	9	1	text	524	42	0	0	4	0	19	0
dejavu-sans-mono	24	2	0.85	29x48	"ṩ"	0	11	1	text	371	15	0	0	3	0	0	0
dejavu-sans-mono	24	2	0.85	29x48	"Ệ"	0	13	1	text	538	18	36	4	3	0	0	0
dejavu-sans-mono	24	2	0.85	29x48	"g"	0	15	1	text	498	56	0	0	4	0	0	0
dejavu-sans-mono	24	2	0.85	29x48	"j"	0	16	1	text	296	43	0	0	4	0	0	0
dejavu-sans-mono	24	2	0.85	29x48	"p"	0	17	1	text	441	20	0	0	4	0	0	0
dejavu-sans-mono	24	2	0.85	29x48	"q"	0	18	1	text	435	20	0	0	4	0	0	0
dejavu-sans-mono	24	2	0.85	29x48	"y"	0	19	1	text	364	31	0	0	4	0	0	0
dejavu-sans-mono	24	2	0.85	29x48	"|"	1	0	1	text	245	25	0	0	5	0	0	0
dejavu-sans-mono	24	2	0.85	29x48	"|"	1	5	1	text	245	25	0	0	5	0	0	0
dejavu-sans-mono	24	2	0.85	29x48	"|"	1	7	1	text	245	25	0	0	5	0	0	0
dejavu-sans-mono	24	2	0.85	29x48	"Å"	1	8	1	text	528	40	0	4	0	0	0	0
dejavu-sans-mono	24	2	0.85	29x48	"g"	1	10	1	text	498	56	0	0	4	0	0	0
dejavu-sans-mono	24	2	0.85	29x48	"|"	1	16	1	text	245	25	0	0	5	0	0	0
dejavu-sans-mono	24	2	0.85	29x48	"|"	1	18	1	text	245	25	0	0	5	0	0	0
dejavu-sans-mono	24	2	0.85	29x48	"p"	1	19	1	text	441	20	0	0	4	0	0	0
dejavu-sans-mono	24	2	0.85	29x48	"|"	1	25	1	text	245	25	0	0	5	0	0	0
dejavu-sans-mono	24	2	0.85	29x48	"Å"	1	27	1	text	528	40	0	4	0	0	0	0
dejavu-sans-mono	24	2	0.85	29x48	"É"	1	28	1	text	474	23	0	4	0	0	0	0
dejavu-sans-mono	24	2	0.85	29x48	"Ẫ"	1	29	1	text	591	33	0	4	0	0	23	0
dejavu-sans-mono	24	2	0.85	29x48	"g"	1	31	1	text	498	56	0	0	4	0	0	0
dejavu-sans-mono	24	2	0.85	29x48	"j"	1	32	1	text	296	43	0	0	4	0	0	0
dejavu-sans-mono	24	2	0.85	29x48	"p"	1	33	1	text	441	20	0	0	4	0	0	0
dejavu-sans-mono	24	2	0.85	29x48	"q"	1	34	1	text	435	20	0	0	4	0	0	0
dejavu-sans-mono	24	2	0.85	29x48	"y"	1	35	1	text	364	31	0	0	4	0	0	0
dejavu-sans-mono	24	2	0.85	29x48	"|"	1	36	1	text	245	25	0	0	5	0	0	0
dejavu-sans-mono	24	2	0.85	29x48	"{"	1	39	1	text	306	8	0	0	1	0	0	0
dejavu-sans-mono	24	2	0.85	29x48	"}"	1	40	1	text	305	8	0	0	1	0	0	0
dejavu-sans-mono	24	2	0.85	29x48	"_"	1	43	1	text	87	87	0	0	5	0	0	0
dejavu-sans-mono	24	2	0.85	29x48	"|"	2	0	1	text	245	25	0	0	5	0	0	0
dejavu-sans-mono	24	2	0.85	29x48	"|"	2	5	1	text	245	25	0	0	5	0	0	0
dejavu-sans-mono	24	2	0.85	29x48	"|"	2	7	1	text	245	25	0	0	5	0	0	0
dejavu-sans-mono	24	2	0.85	29x48	"A\u{30a}"	2	8	1	text	528	40	0	4	0	0	0	0
dejavu-sans-mono	24	2	0.85	29x48	"g"	2	10	1	text	498	56	0	0	4	0	0	0
dejavu-sans-mono	24	2	0.85	29x48	"|"	2	16	1	text	245	25	0	0	5	0	0	0
dejavu-sans-mono	24	2	0.85	29x48	"|"	2	18	1	text	245	25	0	0	5	0	0	0
dejavu-sans-mono	24	2	0.85	29x48	"p"	2	19	1	text	441	20	0	0	4	0	0	0
dejavu-sans-mono	24	2	0.85	29x48	"|"	2	25	1	text	245	25	0	0	5	0	0	0
dejavu-sans-mono	24	2	0.85	29x48	"|"	3	0	1	text	245	25	0	0	5	0	0	0
dejavu-sans-mono	24	2	0.85	29x48	"a\u{301}\u{323}"	3	1	1	text	472	15	0	0	3	0	23	0
dejavu-sans-mono	24	2	0.85	29x48	"|"	3	2	1	text	245	25	0	0	5	0	0	0
dejavu-sans-mono	24	2	0.85	29x48	"|"	3	4	1	text	245	25	0	0	5	0	0	0
dejavu-sans-mono	24	2	0.85	29x48	"Z\u{302}\u{303}\u{304}"	3	5	1	text	605	35	0	4	0	0	23	0
dejavu-sans-mono	24	2	0.85	29x48	"|"	3	6	1	text	245	25	0	0	5	0	0	0
dejavu-sans-mono	24	2	0.85	29x48	"|"	3	8	1	text	245	25	0	0	5	0	0	0
dejavu-sans-mono	24	2	0.85	29x48	"|"	3	10	1	text	245	25	0	0	5	0	0	0
dejavu-sans-mono	24	2	0.85	29x48	"|"	3	12	1	text	245	25	0	0	5	0	0	0
dejavu-sans-mono	24	2	0.85	29x48	"q\u{307}\u{328}"	3	13	1	text	524	42	0	0	4	0	19	0
dejavu-sans-mono	24	2	0.85	29x48	"|"	3	14	1	text	245	25	0	0	5	0	0	0
dejavu-sans-mono	24	2	0.85	29x48	"ǟ"	3	16	1	text	532	45	0	3	0	0	0	0
dejavu-sans-mono	24	2	0.85	29x48	"ȫ"	3	18	1	text	510	45	0	3	0	0	0	0
dejavu-sans-mono	24	2	0.85	29x48	"ǭ"	3	20	1	text	483	27	0	0	3	0	0	0
dejavu-sans-mono	24	2	0.85	29x48	"Ǚ"	3	22	1	text	603	80	0	8	0	0	0	0
dejavu-sans-mono	24	2	0.85	29x48	"η"	4	3	1	text	374	20	0	0	4	0	0	0
dejavu-sans-mono	24	2	0.85	29x48	"μ"	4	4	1	text	407	20	0	0	4	0	0	0
dejavu-sans-mono	24	2	0.85	29x48	"ρ"	4	6	1	text	422	20	0	0	4	0	0	0
dejavu-sans-mono	24	2	0.85	29x48	"μ"	4	12	1	text	407	20	0	0	4	0	0	0
dejavu-sans-mono	24	2	0.85	29x48	"ῷ"	4	17	1	text	572	18	0	0	4	0	0	0
dejavu-sans-mono	24	2	0.85	29x48	"р"	4	22	1	text	441	20	0	0	4	0	0	0
dejavu-sans-mono	24	2	0.85	29x48	"р"	4	31	1	text	441	20	0	0	4	0	0	0
dejavu-sans-mono	24	2	0.85	29x48	"Й"	4	33	1	text	589	47	0	4	0	0	0	0
dejavu-sans-mono	24	2	0.85	29x48	"|"	5	0	1	text	245	25	0	0	5	0	0	0
dejavu-sans-mono	24	2	0.85	29x48	"م"	5	1	1	text	313	25	0	0	5	0	0	0
dejavu-sans-mono	24	2	0.85	29x48	"ر"	5	2	1	text	221	84	0	0	5	0	0	2
dejavu-sans-mono	24	2	0.85	29x48	"ح"	5	3	1	text	378	97	0	0	5	0	0	0
dejavu-sans-mono	24	2	0.85	29x48	"ب"	5	4	1	text	229	4	0	0	1	0	0	0
dejavu-sans-mono	24	2	0.85	29x48	"ب"	5	7	1	text	229	4	0	0	1	0	0	0
dejavu-sans-mono	24	2	0.85	29x48	"ل"	5	9	1	text	358	7	0	0	1	0	0	0
dejavu-sans-mono	24	2	0.85	29x48	"ع"	5	10	1	text	403	102	0	0	5	0	0	0
dejavu-sans-mono	24	2	0.85	29x48	"ل"	5	12	1	text	358	7	0	0	1	0	0	0
dejavu-sans-mono	24	2	0.85	29x48	"م"	5	13	1	text	313	25	0	0	5	0	0	0
dejavu-sans-mono	24	2	0.85	29x48	"|"	5	14	1	text	245	25	0	0	5	0	0	0
dejavu-sans-mono	24	2	0.85	29x48	"|"	5	16	1	text	245	25	0	0	5	0	0	0
dejavu-sans-mono	24	2	0.85	29x48	"|"	5	26	1	text	245	25	0	0	5	0	0	0
dejavu-sans-mono	24	2	0.85	29x48	"ع"	5	28	1	text	403	102	0	0	5	0	0	0
dejavu-sans-mono	24	2	0.85	29x48	"ح"	5	30	1	text	378	97	0	0	5	0	0	0
dejavu-sans-mono	24	2	0.85	29x48	"م"	5	32	1	text	313	25	0	0	5	0	0	0
dejavu-sans-mono	24	2	0.85	29x48	"ل"	5	34	1	text	358	7	0	0	1	0	0	0
dejavu-sans-mono	24	2	0.85	29x48	"ر"	5	36	1	text	221	84	0	0	5	0	0	2
dejavu-sans-mono	24	2	0.85	29x48	"f"	6	0	1	text	319	0	0	0	0	0	0	-1
dejavu-sans-mono	24	2	0.85	29x48	"f"	6	2	1	text	319	0	0	0	0	0	0	-1
dejavu-sans-mono	24	2	0.85	29x48	"j"	6	3	1	text	311	44	0	0	4	0	0	0
dejavu-sans-mono	24	2	0.85	29x48	"y"	6	10	1	text	369	33	0	0	4	1	0	0
dejavu-sans-mono	24	2	0.85	29x48	"f"	6	12	1	text	319	0	0	0	0	0	0	-1
dejavu-sans-mono	24	2	0.85	29x48	"ƒ"	6	15	1	text	393	28	0	0	4	0	0	-1
dejavu-sans-mono	24	2	0.85	29x48	"@"	6	17	1	text	601	9	0	0	1	1	0	0
dejavu-sans-mono	24	2	0.85	29x48	"A"	6	19	1	text	429	0	0	0	0	0	0	3
dejavu-sans-mono	24	2	0.85	29x48	"T"	6	20	1	text	322	0	0	0	0	0	0	-3
dejavu-sans-mono	24	2	0.85	29x48	"ʃ"	6	22	1	text	304	26	0	0	4	0	0	0
dejavu-sans-mono	24	2	0.85	29x48	"&"	6	24	1	text	480	0	0	0	0	0	0	1
dejavu-sans-mono	24	2	0.85	29x48	"|"	6	26	1	text	245	25	0	0	5	0	0	0
dejavu-sans-mono	24	2	0.85	29x48	"|"	6	27	1	text	245	25	0	0	5	0	0	0
dejavu-sans-mono	24	2	0.85	29x48	"g"	6	29	1	text	502	57	0	0	4	0	0	0
dejavu-sans-mono	24	2	0.85	29x48	"j"	6	30	1	text	311	44	0	0	4	0	0	0
dejavu-sans-mono	24	2	0.85	29x48	"p"	6	31	1	text	458	21	0	0	4	0	0	1
dejavu-sans-mono	24	2	0.85	29x48	"q"	6	32	1	text	448	22	0	0	4	0	0	0
dejavu-sans-mono	24	2	0.85	29x48	"y"	6	33	1	text	369	33	0	0	4	1	0	0
dejavu-sans-mono	24	2	0.85	29x48	"Å"	6	35	1	text	522	39	0	4	0	0	0	3
dejavu-sans-mono	24	2	0.85	29x48	"É"	6	36	1	text	476	24	0	4	0	0	0	0
dejavu-sans-mono	24	2	0.85	29x48	"f"	7	0	1	text	423	0	0	0	0	0	0	-1
dejavu-sans-mono	24	2	0.85	29x48	"f"	7	2	1	text	423	0	0	0	0	0	0	-1
dejavu-sans-mono	24	2	0.85	29x48	"j"	7	3	1	text	462	47	0	0	3	0	0	2
dejavu-sans-mono	24	2	0.85	29x48	"y"	7	10	1	text	499	36	0	0	3	3	1	0
dejavu-sans-mono	24	2	0.85	29x48	"f"	7	12	1	text	423	0	0	0	0	0	0	-1
dejavu-sans-mono	24	2	0.85	29x48	"ƒ"	7	15	1	text	549	44	0	0	3	3	3	0
dejavu-sans-mono	24	2	0.85	29x48	"@"	7	17	1	text	717	8	0	0	1	1	0	0
dejavu-sans-mono	24	2	0.85	29x48	"A"	7	19	1	text	569	0	0	0	0	0	0	3
dejavu-sans-mono	24	2	0.85	29x48	"T"	7	20	1	text	415	0	0	0	0	0	0	-2
dejavu-sans-mono	24	2	0.85	29x48	"ʃ"	7	22	1	text	463	44	0	0	3	3	3	0
dejavu-sans-mono	24	2	0.85	29x48	"|"	7	26	1	text	343	35	0	0	5	0	0	0
dejavu-sans-mono	24	2	0.85	29x48	"|"	7	27	1	text	343	35	0	0	5	0	0	0
dejavu-sans-mono	24	2	0.85	29x48	"g"	7	29	1	text	665	51	0	0	3	0	0	0
dejavu-sans-mono	24	2	0.85	29x48	"j"	7	30	1	text	462	47	0	0	3	0	0	2
dejavu-sans-mono	24	2	0.85	29x48	"p"	7	31	1	text	607	31	0	0	4	0	0	1
dejavu-sans-mono	24	2	0.85	29x48	"q"	7	32	1	text	604	30	0	0	4	0	0	0
dejavu-sans-mono	24	2	0.85	29x48	"y"	7	33	1	text	499	36	0	0	3	3	1	0
dejavu-sans-mono	24	2	0.85	29x48	"Å"	7	35	1	text	671	40	0	4	0	0	0	3
dejavu-sans-mono	24	2	0.85	29x48	"É"	7	36	1	text	648	32	0	4	0	0	1	0
dejavu-sans-mono	24	2	0.85	29x48	"∑"	8	15	1	text	388	92	0	0	4	0	0	0
dejavu-sans-mono	24	2	0.85	29x48	"|"	9	0	1	text	245	25	0	0	5	0	0	0
dejavu-sans-mono	24	2	0.85	29x48	"|"	9	3	1	text	245	25	0	0	5	0	0	0
dejavu-sans-mono	24	2	0.85	29x48	"|"	9	6	1	text	245	25	0	0	5	0	0	0
dejavu-sans-mono	24	2	0.85	29x48	"|"	9	9	1	text	245	25	0	0	5	0	0	0
dejavu-sans-mono	24	2	0.85	29x48	"|"	9	12	1	text	245	25	0	0	5	0	0	0
dejavu-sans-mono	24	2	0.85	29x48	"|"	9	15	1	text	245	25	0	0	5	0	0	0
dejavu-sans-mono	24	2	0.85	29x48	"|"	9	18	1	text	245	25	0	0	5	0	0	0
dejavu-sans-mono	24	2	0.85	29x48	"1\u{fe0f}\u{20e3}"	9	19	2	color	3112	424	0	3	5	0	0	0
dejavu-sans-mono	24	2	0.85	29x48	"|"	9	21	1	text	245	25	0	0	5	0	0	0
dejavu-sans-mono	24	2	0.85	29x48	"🧑"	9	23	2	text	463	50	0	0	2	0	0	0
dejavu-sans-mono	24	2	0.85	29x48	"🤔"	9	26	2	text	463	50	0	0	2	0	0	0
dejavu-sans-mono	24	2	0.85	29x48	"🥰"	9	29	2	text	463	50	0	0	2	0	0	0
dejavu-sans-mono	24	2	0.85	29x48	"⭐"	9	32	2	text	463	50	0	0	2	0	0	0
dejavu-sans-mono	24	2	0.85	29x48	"⌚"	9	35	2	text	463	50	0	0	2	0	0	0
dejavu-sans-mono	24	2	0.85	29x48	"|"	10	0	1	text	245	25	0	0	5	0	0	0
dejavu-sans-mono	24	2	0.85	29x48	"|"	10	7	1	text	245	25	0	0	5	0	0	0
dejavu-sans-mono	24	2	0.85	29x48	"简"	10	8	2	text	463	50	0	0	2	0	0	0
dejavu-sans-mono	24	2	0.85	29x48	"体"	10	10	2	text	463	50	0	0	2	0	0	0
dejavu-sans-mono	24	2	0.85	29x48	"中"	10	12	2	text	463	50	0	0	2	0	0	0
dejavu-sans-mono	24	2	0.85	29x48	"文"	10	14	2	text	463	50	0	0	2	0	0	0
dejavu-sans-mono	24	2	0.85	29x48	"|"	10	16	1	text	245	25	0	0	5	0	0	0
dejavu-sans-mono	24	2	0.85	29x48	"|"	10	21	1	text	245	25	0	0	5	0	0	0
dejavu-sans-mono	24	2	0.85	29x48	"（"	10	23	2	text	463	50	0	0	2	0	0	0
dejavu-sans-mono	24	2	0.85	29x48	"全"	10	25	2	text	463	50	0	0	2	0	0	0
dejavu-sans-mono	24	2	0.85	29x48	"角"	10	27	2	text	463	50	0	0	2	0	0	0
dejavu-sans-mono	24	2	0.85	29x48	"）"	10	29	2	text	463	50	0	0	2	0	0	0
dejavu-sans-mono	24	2	0.85	29x48	"１"	10	31	2	text	463	50	0	0	2	0	0	0
dejavu-sans-mono	24	2	0.85	29x48	"２"	10	33	2	text	463	50	0	0	2	0	0	0
dejavu-sans-mono	24	2	0.85	29x48	"３"	10	35	2	text	463	50	0	0	2	0	0	0
dejavu-sans-mono	24	2	0.85	29x48	"j"	12	0	1	text	296	43	0	0	4	0	0	0
dejavu-sans-mono	24	2	0.85	29x48	"j"	13	0	1	text	311	44	0	0	4	0	0	0
dejavu-sans-mono	24	2	0.85	29x48	"W"	13	71	1	text	557	0	26	0	0	0	4	0
dejavu-sans-mono	24	2	0.85	29x48	"g"	14	0	1	text	498	0	56	0	4	0	0	0
dejavu-sans-mono	24	2	0.85	29x48	"j"	14	1	1	text	296	0	43	0	4	0	0	0
dejavu-sans-mono	24	2	0.85	29x48	"p"	14	2	1	text	441	0	20	0	4	0	0	0
dejavu-sans-mono	24	2	0.85	29x48	"q"	14	3	1	text	435	0	20	0	4	0	0	0
dejavu-sans-mono	24	2	0.85	29x48	"y"	14	4	1	text	364	0	31	0	4	0	0	0
dejavu-sans-mono	24	2	0.85	29x48	"Å"	14	6	1	text	528	40	0	4	0	0	0	0
dejavu-sans-mono	24	2	0.85	29x48	"É"	14	7	1	text	474	23	0	4	0	0	0	0
dejavu-sans-mono	24	2	0.85	29x48	"q\u{307}\u{328}"	14	9	1	text	524	0	42	0	4	0	19	0
dejavu-sans-mono	24	2	0.85	29x48	"ع"	14	11	1	text	403	0	102	0	5	0	0	0
dejavu-sans-mono	24	2	0.85	29x48	"ح"	14	13	1	text	378	0	97	0	5	0	0	0
dejavu-sans-mono	24	2	0.85	29x48	"Ẫ"	14	15	1	text	591	33	0	4	0	0	23	0
source-code-pro	24	2	1	29x67	"f"	6	0	1	text	274	0	0	0	0	0	0	-2
source-code-pro	24	2	1	29x67	"f"	6	2	1	text	274	0	0	0	0	0	0	-2
source-code-pro	24	2	1	29x67	"j"	6	3	1	text	294	0	0	0	0	0	0	1
source-code-pro	24	2	1	29x67	"W"	6	5	1	text	441	0	0	0	0	0	0	-2
source-code-pro	24	2	1	29x67	"W"	6	7	1	text	441	0	0	0	0	0	0	-2
source-code-pro	24	2	1	29x67	"W"	6	9	1	text	441	0	0	0	0	0	0	-2
source-code-pro	24	2	1	29x67	"f"	6	12	1	text	274	0	0	0	0	0	0	-2
source-code-pro	24	2	1	29x67	"A"	6	19	1	text	336	0	0	0	0	0	0	2
source-code-pro	24	2	1	29x67	"T"	6	20	1	text	238	0	0	0	0	0	0	-2
source-code-pro	24	2	1	29x67	"j"	6	30	1	text	294	0	0	0	0	0	0	1
source-code-pro	24	2	1	29x67	"p"	6	31	1	text	375	0	0	0	0	0	0	1
source-code-pro	24	2	1	29x67	"Å"	6	35	1	text	403	0	0	0	0	0	0	2
source-code-pro	24	2	1	29x67	"f"	7	0	1	text	408	0	0	0	0	0	0	-2
source-code-pro	24	2	1	29x67	"f"	7	2	1	text	408	0	0	0	0	0	0	-2
source-code-pro	24	2	1	29x67	"j"	7	3	1	text	455	0	0	0	0	0	0	2
source-code-pro	24	2	1	29x67	"f"	7	12	1	text	408	0	0	0	0	0	0	-2
source-code-pro	24	2	1	29x67	"A"	7	19	1	text	493	0	0	0	0	0	0	3
source-code-pro	24	2	1	29x67	"T"	7	20	1	text	382	0	0	0	0	0	0	-2
source-code-pro	24	2	1	29x67	"j"	7	30	1	text	455	0	0	0	0	0	0	2
source-code-pro	24	2	1	29x67	"p"	7	31	1	text	538	0	0	0	0	0	0	2
source-code-pro	24	2	1	29x67	"Å"	7	35	1	text	591	0	0	0	0	0	0	3
source-code-pro	24	2	1	29x67	"j"	13	0	1	text	294	0	0	0	0	0	0	1
source-code-pro	24	2	1	29x67	"W"	13	71	1	text	441	0	0	0	0	0	0	-2
source-code-pro	24	2	0.85	29x52	"Ẫ"	0	2	1	text	468	0	32	3	0	0	0	0
source-code-pro	24	2	0.85	29x52	"Ǻ"	0	4	1	text	439	0	19	4	0	0	0	0
source-code-pro	24	2	0.85	29x52	"q\u{307}\u{328}"	0	9	1	text	492	22	0	0	2	0	20	0
source-code-pro	24	2	0.85	29x52	"ṩ"	0	11	1	text	390	10	0	0	2	0	18	0
source-code-pro	24	2	0.85	29x52	"Ệ"	0	13	1	text	467	10	0	0	2	0	0	0
source-code-pro	24	2	0.85	29x52	"g"	0	15	1	text	477	30	0	0	2	0	0	0
source-code-pro	24	2	0.85	29x52	"j"	0	16	1	text	301	22	0	0	2	0	0	0
source-code-pro	24	2	0.85	29x52	"p"	0	17	1	text	383	5	0	0	1	0	0	0
source-code-pro	24	2	0.85	29x52	"q"	0	18	1	text	382	5	0	0	1	0	0	0
source-code-pro	24	2	0.85	29x52	"y"	0	19	1	text	304	11	0	0	2	0	0	0
source-code-pro	24	2	0.85	29x52	"|"	1	0	1	text	250	20	0	0	4	0	0	0
source-code-pro	24	2	0.85	29x52	"|"	1	5	1	text	250	20	0	0	4	0	0	0
source-code-pro	24	2	0.85	29x52	"|"	1	7	1	text	250	20	0	0	4	0	0	0
source-code-pro	24	2	0.85	29x52	"g"	1	10	1	text	477	30	0	0	2	0	0	0
source-code-pro	24	2	0.85	29x52	"|"	1	16	1	text	250	20	0	0	4	0	0	0
source-code-pro	24	2	0.85	29x52	"|"	1	18	1	text	250	20	0	0	4	0	0	0
source-code-pro	24	2	0.85	29x52	"p"	1	19	1	text	383	5	0	0	1	0	0	0
source-code-pro	24	2	0.85	29x52	"|"	1	25	1	text	250	20	0	0	4	0	0	0
source-code-pro	24	2	0.85	29x52	"Ẫ"	1	29	1	text	468	32	0	3	0	0	0	0
source-code-pro	24	2	0.85	29x52	"g"	1	31	1	text	477	30	0	0	2	0	0	0
source-code-pro	24	2	0.85	29x52	"j"	1	32	1	text	301	22	0	0	2	0	0	0
source-code-pro	24	2	0.85	29x52	"p"	1	33	1	text	383	5	0	0	1	0	0	0
source-code-pro	24	2	0.85	29x52	"q"	1	34	1	text	382	5	0	0	1	0	0	0
source-code-pro	24	2	0.85	29x52	"y"	1	35	1	text	304	11	0	0	2	0	0	0
source-code-pro	24	2	0.85	29x52	"|"	1	36	1	text	250	20	0	0	4	0	0	0
source-code-pro	24	2	0.85	29x52	"|"	2	0	1	text	250	20	0	0	4	0	0	0
source-code-pro	24	2	0.85	29x52	"|"	2	5	1	text	250	20	0	0	4	0	0	0
source-code-pro	24	2	0.85	29x52	"|"	2	7	1	text	250	20	0	0	4	0	0	0
source-code-pro	24	2	0.85	29x52	"g"	2	10	1	text	477	30	0	0	2	0	0	0
source-code-pro	24	2	0.85	29x52	"|"	2	16	1	text	250	20	0	0	4	0	0	0
source-code-pro	24	2	0.85	29x52	"|"	2	18	1	text	250	20	0	0	4	0	0	0
source-code-pro	24	2	0.85	29x52	"p"	2	19	1	text	383	5	0	0	1	0	0	0
source-code-pro	24	2	0.85	29x52	"|"	2	25	1	text	250	20	0	0	4	0	0	0
source-code-pro	24	2	0.85	29x52	"|"	3	0	1	text	250	20	0	0	4	0	0	0
source-code-pro	24	2	0.85	29x52	"a\u{301}\u{323}"	3	1	1	text	424	10	0	0	2	0	22	0
source-code-pro	24	2	0.85	29x52	"|"	3	2	1	text	250	20	0	0	4	0	0	0
source-code-pro	24	2	0.85	29x52	"|"	3	4	1	text	250	20	0	0	4	0	0	0
source-code-pro	24	2	0.85	29x52	"|"	3	6	1	text	250	20	0	0	4	0	0	0
source-code-pro	24	2	0.85	29x52	"|"	3	8	1	text	250	20	0	0	4	0	0	0
source-code-pro	24	2	0.85	29x52	"|"	3	10	1	text	250	20	0	0	4	0	0	0
source-code-pro	24	2	0.85	29x52	"|"	3	12	1	text	250	20	0	0	4	0	0	0
source-code-pro	24	2	0.85	29x52	"q\u{307}\u{328}"	3	13	1	text	492	22	0	0	2	0	20	0
source-code-pro	24	2	0.85	29x52	"|"	3	14	1	text	250	20	0	0	4	0	0	0
source-code-pro	24	2	0.85	29x52	"ǭ"	3	20	1	text	420	17	0	0	2	0	0	0
source-code-pro	24	2	0.85	29x52	"Ǚ"	3	22	1	text	458	33	0	4	0	0	0	0
source-code-pro	24	2	0.85	29x52	"μ"	4	4	1	text	335	4	0	0	1	0	0	0
source-code-pro	24	2	0.85	29x52	"μ"	4	12	1	text	335	4	0	0	1	0	0	0
source-code-pro	24	2	0.85	29x52	"ῷ"	4	17	1	text	578	9	0	0	2	0	0	0
source-code-pro	24	2	0.85	29x52	"р"	4	22	1	text	383	5	0	0	1	0	0	0
source-code-pro	24	2	0.85	29x52	","	4	27	1	text	118	6	0	0	2	0	0	0
source-code-pro	24	2	0.85	29x52	"р"	4	31	1	text	383	5	0	0	1	0	0	0
source-code-pro	24	2	0.85	29x52	"|"	5	0	1	text	250	20	0	0	4	0	0	0
source-code-pro	24	2	0.85	29x52	"م"	5	1	1	text	339	35	0	0	7	0	0	0
source-code-pro	24	2	0.85	29x52	"ر"	5	2	1	text	228	35	0	0	3	0	0	0
source-code-pro	24	2	0.85	29x52	"ح"	5	3	1	text	461	138	0	0	7	0	0	0
source-code-pro	24	2	0.85	29x52	"ب"	5	4	1	text	314	4	0	0	2	0	0	0
source-code-pro	24	2	0.85	29x52	"ب"	5	7	1	text	314	4	0	0	2	0	0	0
source-code-pro	24	2	0.85	29x52	"ع"	5	10	1	text	450	134	0	0	7	0	0	0
source-code-pro	24	2	0.85	29x52	"م"	5	13	1	text	339	35	0	0	7	0	0	0
source-code-pro	24	2	0.85	29x52	"|"	5	14	1	text	250	20	0	0	4	0	0	0
source-code-pro	24	2	0.85	29x52	"|"	5	16	1	text	250	20	0	0	4	0	0	0
source-code-pro	24	2	0.85	29x52	"|"	5	26	1	text	250	20	0	0	4	0	0	0
source-code-pro	24	2	0.85	29x52	"ع"	5	28	1	text	450	134	0	0	7	0	0	0
source-code-pro	24	2	0.85	29x52	"ح"	5	30	1	text	461	138	0	0	7	0	0	0
source-code-pro	24	2	0.85	29x52	"م"	5	32	1	text	339	35	0	0	7	0	0	0
source-code-pro	24	2	0.85	29x52	"ر"	5	36	1	text	228	35	0	0	3	0	0	0
source-code-pro	24	2	0.85	29x52	"f"	6	0	1	text	274	0	0	0	0	0	0	-2
source-code-pro	24	2	0.85	29x52	"f"	6	2	1	text	274	0	0	0	0	0	0	-2
source-code-pro	24	2	0.85	29x52	"j"	6	3	1	text	294	20	0	0	2	0	0	1
source-code-pro	24	2	0.85	29x52	"W"	6	5	1	text	441	0	0	0	0	0	0	-2
source-code-pro	24	2	0.85	29x52	"W"	6	7	1	text	441	0	0	0	0	0	0	-2
source-code-pro	24	2	0.85	29x52	"W"	6	9	1	text	441	0	0	0	0	0	0	-2
source-code-pro	24	2	0.85	29x52	"y"	6	10	1	text	296	13	0	0	2	3	0	0
source-code-pro	24	2	0.85	29x52	"f"	6	12	1	text	274	0	0	0	0	0	0	-2
source-code-pro	24	2	0.85	29x52	"A"	6	19	1	text	336	0	0	0	0	0	0	2
source-code-pro	24	2	0.85	29x52	"T"	6	20	1	text	238	0	0	0	0	0	0	-2
source-code-pro	24	2	0.85	29x52	"ʃ"	6	22	1	text	290	17	0	0	2	1	2	0
source-code-pro	24	2	0.85	29x52	"|"	6	26	1	text	250	20	0	0	4	0	0	0
source-code-pro	24	2	0.85	29x52	"|"	6	27	1	text	250	20	0	0	4	0	0	0
source-code-pro	24	2	0.85	29x52	"g"	6	29	1	text	423	22	0	0	2	0	0	0
source-code-pro	24	2	0.85	29x52	"j"	6	30	1	text	294	20	0	0	2	0	0	1
source-code-pro	24	2	0.85	29x52	"p"	6	31	1	text	375	5	0	0	1	0	0	1
source-code-pro	24	2	0.85	29x52	"q"	6	32	1	text	371	5	0	0	1	0	0	0
source-code-pro	24	2	0.85	29x52	"y"	6	33	1	text	296	13	0	0	2	3	0	0
source-code-pro	24	2	0.85	29x52	"Å"	6	35	1	text	403	0	0	0	0	0	0	2
source-code-pro	24	2	0.85	29x52	"f"	7	0	1	text	408	0	0	0	0	0	0	-2
source-code-pro	24	2	0.85	29x52	"f"	7	2	1	text	408	0	0	0	0	0	0	-2
source-code-pro	24	2	0.85	29x52	"j"	7	3	1	text	455	8	0	0	1	0	0	2
source-code-pro	24	2	0.85	29x52	"y"	7	10	1	text	432	7	0	0	1	3	1	0
source-code-pro	24	2	0.85	29x52	"f"	7	12	1	text	408	0	0	0	0	0	0	-2
source-code-pro	24	2	0.85	29x52	"A"	7	19	1	text	493	0	0	0	0	0	0	3
source-code-pro	24	2	0.85	29x52	"T"	7	20	1	text	382	0	0	0	0	0	0	-2
source-code-pro	24	2	0.85	29x52	"ʃ"	7	22	1	text	422	7	0	0	1	2	2	0
source-code-pro	24	2	0.85	29x52	"|"	7	26	1	text	350	28	0	0	4	0	0	0
source-code-pro	24	2	0.85	29x52	"|"	7	27	1	text	350	28	0	0	4	0	0	0
source-code-pro	24	2	0.85	29x52	"g"	7	29	1	text	601	8	0	0	1	0	0	0
source-code-pro	24	2	0.85	29x52	"j"	7	30	1	text	455	8	0	0	1	0	0	2
source-code-pro	24	2	0.85	29x52	"p"	7	31	1	text	538	0	0	0	0	0	0	2
source-code-pro	24	2	0.85	29x52	"y"	7	33	1	text	432	7	0	0	1	3	1	0
source-code-pro	24	2	0.85	29x52	"Å"	7	35	1	text	591	3	0	1	0	0	0	3
source-code-pro	24	2	0.85	29x52	"|"	9	0	1	text	250	20	0	0	4	0	0	0
source-code-pro	24	2	0.85	29x52	"|"	9	3	1	text	250	20	0	0	4	0	0	0
source-code-pro	24	2	0.85	29x52	"|"	9	6	1	text	250	20	0	0	4	0	0	0
source-code-pro	24	2	0.85	29x52	"|"	9	9	1	text	250	20	0	0	4	0	0	0
source-code-pro	24	2	0.85	29x52	"|"	9	12	1	text	250	20	0	0	4	0	0	0
source-code-pro	24	2	0.85	29x52	"|"	9	15	1	text	250	20	0	0	4	0	0	0
source-code-pro	24	2	0.85	29x52	"|"	9	18	1	text	250	20	0	0	4	0	0	0
source-code-pro	24	2	0.85	29x52	"1\u{fe0f}\u{20e3}"	9	19	2	color	3112	206	0	1	3	0	0	0
source-code-pro	24	2	0.85	29x52	"|"	9	21	1	text	250	20	0	0	4	0	0	0
source-code-pro	24	2	0.85	29x52	"|"	10	0	1	text	250	20	0	0	4	0	0	0
source-code-pro	24	2	0.85	29x52	"|"	10	7	1	text	250	20	0	0	4	0	0	0
source-code-pro	24	2	0.85	29x52	"|"	10	16	1	text	250	20	0	0	4	0	0	0
source-code-pro	24	2	0.85	29x52	"|"	10	21	1	text	250	20	0	0	4	0	0	0
source-code-pro	24	2	0.85	29x52	"j"	12	0	1	text	301	22	0	0	2	0	0	0
source-code-pro	24	2	0.85	29x52	"j"	13	0	1	text	294	20	0	0	2	0	0	1
source-code-pro	24	2	0.85	29x52	"W"	13	71	1	text	441	0	0	0	0	0	0	-2
source-code-pro	24	2	0.85	29x52	"g"	14	0	1	text	477	0	30	0	2	0	0	0
source-code-pro	24	2	0.85	29x52	"j"	14	1	1	text	301	0	22	0	2	0	0	0
source-code-pro	24	2	0.85	29x52	"p"	14	2	1	text	383	0	5	0	1	0	0	0
source-code-pro	24	2	0.85	29x52	"q"	14	3	1	text	382	0	5	0	1	0	0	0
source-code-pro	24	2	0.85	29x52	"y"	14	4	1	text	304	0	11	0	2	0	0	0
source-code-pro	24	2	0.85	29x52	"q\u{307}\u{328}"	14	9	1	text	492	0	22	0	2	0	20	0
source-code-pro	24	2	0.85	29x52	"ع"	14	11	1	text	450	0	134	0	7	0	0	0
source-code-pro	24	2	0.85	29x52	"ح"	14	13	1	text	461	0	138	0	7	0	0	0
source-code-pro	24	2	0.85	29x52	"Ẫ"	14	15	1	text	468	32	0	3	0	0	0	0
